Type,Coverage,OdName,AREA,AreaName,REG,RegName,DEV,DevName,1980,1981,1982,1983,1984,1985,1986,1987,1988,1989,1990,1991,1992,1993,1994,1995,1996,1997,1998,1999,2000,2001,2002,2003,2004,2005,2006,2007,2008,2009,2010,2011,2012,2013
Emigrants,Foreigners,Afghanistan,935,Asia,5501,Southern Asia,902,Developing regions,585,844,1336,859,522,442,395,364,396,445,572,999,1022,1231,1332,1403,1720,2199,2639,2093,..,2632,2144,1778,1908,1700,1615,1184,1510,..,..,..,..,..
Emigrants,Foreigners,Albania,908,Europe,925,Southern Europe,901,Developed regions,0,0,0,0,0,0,0,0,0,0,96,520,1201,3267,4380,2149,1541,1656,1599,1483,..,1170,994,1086,1059,864,735,683,829,..,..,..,..,..
Emigrants,Foreigners,Algeria,903,Africa,912,Northern Africa,902,Developing regions,842,636,584,676,546,618,543,472,526,627,0,811,1063,4726,5950,3270,2753,2193,0,0,..,2287,2254,2403,2373,1730,1420,1312,1352,..,..,..,..,..
Emigrants,Foreigners,Andorra,908,Europe,925,Southern Europe,901,Developed regions,0,0,0,0,0,0,0,0,0,0,0,3,9,3,3,4,4,6,0,0,..,0,0,4,6,3,1,4,1,..,..,..,..,..
Emigrants,Foreigners,Angola,903,Africa,911,Middle Africa,902,Developing regions,0,0,0,0,0,0,0,0,0,0,0,880,1074,1084,852,636,679,734,0,0,..,446,508,535,452,456,372,464,441,..,..,..,..,..
Emigrants,Foreigners,Antigua and Barbuda,904,Latin America and the Caribbean,915,Caribbean,902,Developing regions,0,0,0,0,0,0,0,0,0,0,0,2,2,2,1,6,3,2,0,0,..,0,0,1,0,1,1,0,3,..,..,..,..,..
Emigrants,Foreigners,Argentina,904,Latin America and the Caribbean,931,South America,902,Developing regions,713,877,1266,1243,945,719,679,572,567,520,593,676,669,719,633,567,550,575,595,594,..,598,659,754,721,642,694,647,884,..,..,..,..,..
Emigrants,Foreigners,Armenia,935,Asia,922,Western Asia,902,Developing regions,0,0,0,0,0,0,0,0,0,0,0,0,55,690,2023,2312,2424,3070,0,0,..,0,0,1253,1397,1114,1007,1014,858,..,..,..,..,..
Emigrants,Foreigners,Australia,909,Oceania,927,Australia and New Zealand,901,Developed regions,1147,1191,1041,946,886,897,985,890,802,927,0,1037,1047,1181,1151,1116,1083,1147,1932,0,..,1290,1401,1541,1498,1485,1549,1587,2120,..,..,..,..,..
Emigrants,Foreigners,Austria,908,Europe,926,Western Europe,901,Developed regions,17195,19217,16621,12991,11937,11548,10160,9568,9925,10585,10639,12757,10919,10402,10426,9846,10079,10568,9657,9678,..,9076,9261,8663,9458,7639,7870,8188,9776,..,..,..,..,..
Emigrants,Foreigners,Azerbaijan,935,Asia,922,Western Asia,902,Developing regions,0,0,0,0,0,0,0,0,0,0,0,0,50,112,292,300,432,498,0,0,..,0,0,1109,1525,1315,1020,896,950,..,..,..,..,..
Emigrants,Foreigners,Bahamas,904,Latin America and the Caribbean,915,Caribbean,902,Developing regions,0,0,0,0,0,0,0,0,0,0,0,3,4,7,10,8,7,9,0,0,..,0,0,11,4,9,7,6,6,..,..,..,..,..
Emigrants,Foreigners,Bahrain,935,Asia,922,Western Asia,902,Developing regions,0,0,0,0,0,0,0,0,0,0,0,9,6,5,15,2,1,6,0,0,..,0,0,3,8,14,11,20,50,..,..,..,..,..
Emigrants,Foreigners,Bangladesh,935,Asia,5501,Southern Asia,902,Developing regions,0,0,0,0,0,0,0,0,0,0,0,411,494,749,1224,1087,1495,1073,1414,1358,..,655,422,393,419,334,338,321,320,..,..,..,..,..
Emigrants,Foreigners,Barbados,904,Latin America and the Caribbean,915,Caribbean,902,Developing regions,0,0,0,0,0,0,0,0,0,0,0,14,12,16,16,21,15,14,0,0,..,0,0,9,10,12,7,12,13,..,..,..,..,..
Emigrants,Foreigners,Belarus,908,Europe,923,Eastern Europe,901,Developed regions,0,0,0,0,0,0,0,0,0,0,0,0,373,609,1027,1128,968,1074,1006,1049,..,1473,1801,2064,1977,1579,1351,1109,1292,..,..,..,..,..
Emigrants,Foreigners,Belgium,908,Europe,926,Western Europe,901,Developed regions,1130,1261,1243,1193,1212,1138,1184,1169,1119,1234,1307,1463,1367,1435,1871,1697,1742,1840,1788,1930,..,1623,1728,1688,1897,1517,1620,1658,1894,..,..,..,..,..
Emigrants,Foreigners,Belize,904,Latin America and the Caribbean,916,Central America,902,Developing regions,0,0,0,0,0,0,0,0,0,0,0,2,3,2,2,3,3,2,0,0,..,0,0,4,6,2,3,2,1,..,..,..,..,..
Emigrants,Foreigners,Benin,903,Africa,914,Western Africa,902,Developing regions,16,19,30,23,38,30,74,59,59,49,0,92,148,265,215,196,100,125,0,0,..,0,0,123,162,138,135,106,117,..,..,..,..,..
Emigrants,Foreigners,Bhutan,935,Asia,5501,Southern Asia,902,Developing regions,0,0,0,0,0,0,0,0,0,0,0,3,12,17,19,32,56,67,0,0,..,0,0,29,49,33,33,22,25,..,..,..,..,..
Emigrants,Foreigners,Bolivia (Plurinational State of),904,Latin America and the Caribbean,931,South America,902,Developing regions,174,169,212,176,175,175,229,180,155,157,0,151,188,149,150,157,160,215,0,0,..,0,0,223,240,230,210,241,330,..,..,..,..,..
Emigrants,Foreigners,Bosnia and Herzegovina,908,Europe,925,Southern Europe,901,Developed regions,0,0,0,0,0,0,0,0,0,0,0,0,3582,9140,17195,17398,28303,85262,105774,44055,..,11173,9168,7950,8053,6829,6255,6476,6900,..,..,..,..,..
Emigrants,Foreigners,Botswana,903,Africa,913,Southern Africa,902,Developing regions,0,0,0,0,0,0,0,0,0,0,0,17,20,13,12,17,7,18,0,0,..,0,0,19,15,16,13,19,27,..,..,..,..,..
Emigrants,Foreigners,Brazil,904,Latin America and the Caribbean,931,South America,902,Developing regions,1185,1268,1383,1165,1149,1309,1456,1463,1480,1722,1756,1874,2006,1989,2220,2269,2276,2360,2783,2692,..,3039,3069,3188,3449,3641,3945,4091,5364,..,..,..,..,..
Emigrants,Foreigners,Brunei Darussalam,935,Asia,920,South-Eastern Asia,902,Developing regions,0,0,0,0,0,0,0,0,0,0,0,6,4,2,3,1,3,5,0,0,..,0,0,3,6,1,4,13,17,..,..,..,..,..
Emigrants,Foreigners,Bulgaria,908,Europe,923,Eastern Europe,901,Developed regions,572,713,637,654,679,638,700,772,841,1015,2039,3634,10895,34991,18056,10476,7012,6362,4904,5547,..,7974,8783,10280,10299,9129,7521,8693,15990,..,..,..,..,..
Emigrants,Foreigners,Burkina Faso,903,Africa,914,Western Africa,902,Developing regions,29,29,27,35,63,30,49,59,64,57,0,92,167,378,334,252,178,148,0,0,..,0,0,365,300,213,207,126,192,..,..,..,..,..
Emigrants,Foreigners,Burundi,903,Africa,910,Eastern Africa,902,Developing regions,21,15,32,28,25,28,37,18,7,19,0,18,25,41,34,44,38,41,0,0,..,0,0,88,103,67,70,44,53,..,..,..,..,..
Emigrants,Foreigners,Cabo Verde,903,Africa,914,Western Africa,902,Developing regions,0,0,0,0,0,0,0,0,0,0,0,57,69,72,89,61,41,79,0,0,..,0,0,23,23,34,38,14,29,..,..,..,..,..
Emigrants,Foreigners,Cambodia,935,Asia,920,South-Eastern Asia,902,Developing regions,7,18,13,21,13,12,11,3,8,3,0,71,28,51,98,84,53,95,0,0,..,0,0,73,58,68,46,41,54,..,..,..,..,..
Emigrants,Foreigners,Cameroon,903,Africa,911,Middle Africa,902,Developing regions,97,82,108,101,146,134,118,113,132,131,0,168,370,634,629,499,460,614,0,0,..,946,1181,1336,1683,1620,1505,1301,1389,..,..,..,..,..
Emigrants,Foreigners,Canada,905,Northern America,905,Northern America,901,Developed regions,1533,1559,1462,1314,1353,1398,1403,1452,1390,1469,1389,1519,1398,1441,1556,1567,1535,1759,1860,1949,..,1951,2018,2171,2248,2162,2311,2174,2956,..,..,..,..,..
Emigrants,Foreigners,Central African Republic,903,Africa,911,Middle Africa,902,Developing regions,0,0,0,0,0,0,0,0,0,0,0,21,19,29,19,14,15,21,0,0,..,0,0,29,78,21,13,12,21,..,..,..,..,..
Emigrants,Foreigners,Chad,903,Africa,911,Middle Africa,902,Developing regions,10,32,18,20,29,25,17,24,19,28,0,18,60,102,90,67,48,37,0,0,..,0,0,18,28,17,20,16,28,..,..,..,..,..
Emigrants,Foreigners,Chile,904,Latin America and the Caribbean,931,South America,902,Developing regions,450,466,549,594,850,494,434,414,541,506,567,536,604,628,562,504,425,484,453,453,..,460,498,560,557,601,581,600,801,..,..,..,..,..
Emigrants,Foreigners,Colombia,904,Latin America and the Caribbean,931,South America,902,Developing regions,282,330,374,471,684,303,320,280,342,382,0,1017,573,684,773,884,732,738,0,0,..,0,0,981,993,955,1038,1111,1407,..,..,..,..,..
Emigrants,Foreigners,Comoros,903,Africa,910,Eastern Africa,902,Developing regions,0,0,0,0,0,0,0,0,0,0,0,6,3,3,15,9,9,4,0,0,..,0,0,3,2,2,4,4,4,..,..,..,..,..
Emigrants,Foreigners,Congo,903,Africa,911,Middle Africa,902,Developing regions,0,0,0,0,0,0,0,0,0,0,0,630,1042,2009,2513,1355,1183,1527,0,0,..,0,0,371,421,333,260,208,195,..,..,..,..,..
Emigrants,Foreigners,Costa Rica,904,Latin America and the Caribbean,916,Central America,902,Developing regions,56,47,52,57,43,47,60,44,43,56,0,80,93,108,102,94,105,85,0,0,..,0,0,131,111,107,114,117,168,..,..,..,..,..
Emigrants,Foreigners,Côte d'Ivoire,903,Africa,914,Western Africa,902,Developing regions,85,78,47,37,64,65,83,64,83,67,0,90,179,295,407,355,308,344,0,0,..,249,245,274,345,271,244,180,251,..,..,..,..,..
Emigrants,Foreigners,Croatia,908,Europe,925,Southern Europe,901,Developed regions,0,0,0,0,0,0,0,0,0,0,0,0,23391,21452,25322,20522,16169,17452,15722,12337,..,14069,13614,12120,12379,11294,10704,10535,11816,..,..,..,..,..
Emigrants,Foreigners,Cuba,904,Latin America and the Caribbean,915,Caribbean,902,Developing regions,12,12,29,29,35,20,12,24,27,30,0,567,242,221,242,478,433,525,0,0,..,0,0,599,746,585,586,560,672,..,..,..,..,..
Emigrants,Foreigners,Cyprus,935,Asia,922,Western Asia,902,Developing regions,0,0,0,0,0,0,0,0,0,0,0,142,123,125,115,106,101,110,0,0,..,0,0,101,130,75,92,103,127,..,..,..,..,..
Emigrants,Foreigners,Czech Republic,908,Europe,923,Eastern Europe,901,Developed regions,5416,6004,6299,5763,5885,6366,6096,6102,8147,10816,10077,0,0,13716,9024,8730,8073,7886,6680,7076,..,8526,8942,8232,8302,6254,6450,5741,6929,..,..,..,..,..
Emigrants,Foreigners,Democratic People's Republic of Korea,935,Asia,906,Eastern Asia,902,Developing regions,76,131,104,210,144,115,70,125,114,126,0,169,179,245,228,233,2060,294,0,0,..,0,0,424,504,464,471,382,443,..,..,..,..,..
Emigrants,Foreigners,Democratic Republic of the Congo,903,Africa,911,Middle Africa,902,Developing regions,97,103,141,110,118,144,122,133,267,285,0,45,41,52,42,63,58,82,0,0,..,0,676,758,719,592,371,315,337,..,..,..,..,..
Emigrants,Foreigners,Denmark,908,Europe,924,Northern Europe,901,Developed regions,1059,1229,1271,1317,1203,1204,1353,1195,1133,1269,1432,1853,2120,2864,3309,3206,3170,2926,2790,2681,..,2160,2272,2064,2364,1846,1940,1934,2132,..,..,..,..,..
Emigrants,Foreigners,Djibouti,903,Africa,910,Eastern Africa,902,Developing regions,0,0,0,0,0,0,0,0,0,0,0,10,6,15,6,7,4,3,0,0,..,0,0,12,18,6,10,4,10,..,..,..,..,..
Emigrants,Foreigners,Dominica,904,Latin America and the Caribbean,915,Caribbean,902,Developing regions,0,0,0,0,0,0,0,0,0,0,0,10,4,9,13,9,8,10,0,0,..,0,0,8,14,15,40,36,38,..,..,..,..,..
Emigrants,Foreigners,Dominican Republic,904,Latin America and the Caribbean,915,Caribbean,902,Developing regions,35,53,45,59,53,58,96,67,72,92,0,226,128,150,262,308,247,272,0,0,..,0,0,401,397,389,394,359,442,..,..,..,..,..
Emigrants,Foreigners,Ecuador,904,Latin America and the Caribbean,931,South America,902,Developing regions,113,130,117,72,190,222,110,75,85,137,0,153,188,195,192,232,265,311,0,0,..,0,0,460,474,403,351,321,490,..,..,..,..,..
Emigrants,Foreigners,Egypt,903,Africa,912,Northern Africa,902,Developing regions,1534,1638,1719,1763,1508,1367,1304,1302,1346,1412,0,1500,1888,2425,2270,1933,1584,1740,0,0,..,1327,1357,1580,1506,1389,1139,1178,1599,..,..,..,..,..
Emigrants,Foreigners,El Salvador,904,Latin America and the Caribbean,916,Central America,902,Developing regions,41,47,41,29,30,29,26,43,33,84,0,38,57,71,46,75,57,62,0,0,..,0,0,49,82,52,30,48,64,..,..,..,..,..
Emigrants,Foreigners,Equatorial Guinea,903,Africa,911,Middle Africa,902,Developing regions,0,0,0,0,0,0,0,0,0,0,0,3,7,5,7,9,8,3,0,0,..,0,0,5,4,2,8,9,2,..,..,..,..,..
Emigrants,Foreigners,Eritrea,903,Africa,910,Eastern Africa,902,Developing regions,0,0,0,0,0,0,0,0,0,0,0,0,0,11,59,135,235,191,0,0,..,0,0,260,348,323,303,276,285,..,..,..,..,..
Emigrants,Foreigners,Estonia,908,Europe,924,Northern Europe,901,Developed regions,0,0,0,0,0,0,0,0,0,0,0,60,285,605,835,926,854,881,763,641,..,0,0,506,764,461,496,473,690,..,..,..,..,..
Emigrants,Foreigners,Ethiopia,903,Africa,910,Eastern Africa,902,Developing regions,221,220,346,299,332,627,704,592,727,699,736,891,725,808,896,851,860,882,1064,757,..,700,648,646,600,542,503,501,596,..,..,..,..,..
Emigrants,Foreigners,Fiji,909,Oceania,928,Melanesia,902,Developing regions,0,0,0,0,0,0,0,0,0,0,0,6,11,6,11,12,9,7,0,0,..,0,0,9,11,6,13,3,10,..,..,..,..,..
Emigrants,Foreigners,Finland,908,Europe,924,Northern Europe,901,Developed regions,1525,1651,1516,1475,1475,1269,1351,1494,1466,1348,0,1689,1726,2292,2820,3245,3579,3223,2900,2743,..,2478,2514,2194,2499,1927,1938,1844,2076,..,..,..,..,..
Emigrants,Foreigners,France,908,Europe,926,Western Europe,901,Developed regions,9714,9855,10071,8305,7814,7511,7584,7454,7394,8399,8407,9761,9486,9759,11097,11399,11999,13320,12931,14364,..,12162,12567,12045,13646,10354,10387,10451,12938,..,..,..,..,..
Emigrants,Foreigners,Gabon,903,Africa,911,Middle Africa,902,Developing regions,0,0,0,0,0,0,0,0,0,0,0,9,17,26,38,24,18,25,0,0,..,0,0,26,48,40,37,36,47,..,..,..,..,..
Emigrants,Foreigners,Gambia,903,Africa,914,Western Africa,902,Developing regions,0,0,0,0,0,0,0,0,0,0,0,502,607,772,685,318,271,246,0,0,..,0,0,181,177,216,178,163,201,..,..,..,..,..
Emigrants,Foreigners,Georgia,935,Asia,922,Western Asia,902,Developing regions,0,0,0,0,0,0,0,0,0,0,0,0,63,413,832,995,1788,2335,0,0,..,0,0,3069,3305,2524,2376,1909,2015,..,..,..,..,..
Emigrants,Citizens,Germany,908,Europe,926,Western Europe,901,Developed regions,53728,55001,60227,62305,59764,58607,59350,66832,62858,106690,144557,98915,105171,104653,138280,130672,118430,109903,116403,116410,111244,109507,117683,127267,150667,144815,155290,161105,174759,..,..,..,..,..
Emigrants,Foreigners,Ghana,903,Africa,914,Western Africa,902,Developing regions,780,969,2029,3454,4467,4928,4900,4423,2827,1822,1960,2980,3581,4677,3718,2083,1480,1490,1507,1198,..,814,922,901,1101,1118,1054,741,995,..,..,..,..,..
Emigrants,Foreigners,Greece,908,Europe,925,Southern Europe,901,Developed regions,22333,15789,18155,18946,16709,16453,14955,12992,12788,14649,14341,15532,16326,17643,19349,19631,20315,22010,20250,19983,..,18709,19152,17769,20340,16391,15318,14500,16079,..,..,..,..,..
Emigrants,Foreigners,Grenada,904,Latin America and the Caribbean,915,Caribbean,902,Developing regions,0,0,0,0,0,0,0,0,0,0,0,3,2,2,9,7,5,3,0,0,..,0,0,3,3,6,2,4,5,..,..,..,..,..
Emigrants,Foreigners,Guatemala,904,Latin America and the Caribbean,916,Central America,902,Developing regions,69,81,101,59,65,72,68,68,80,59,0,121,111,79,94,58,69,76,0,0,..,0,0,74,63,74,77,73,113,..,..,..,..,..
Emigrants,Foreigners,Guinea,903,Africa,914,Western Africa,902,Developing regions,13,21,31,35,34,51,44,71,73,96,0,123,204,235,265,220,219,280,0,0,..,0,0,310,360,306,465,284,277,..,..,..,..,..
Emigrants,Foreigners,Guinea-Bissau,903,Africa,914,Western Africa,902,Developing regions,0,0,0,0,0,0,0,0,0,0,0,31,108,128,144,93,50,74,0,0,..,0,0,63,59,60,68,22,38,..,..,..,..,..
Emigrants,Foreigners,Guyana,904,Latin America and the Caribbean,931,South America,902,Developing regions,0,0,0,0,0,0,0,0,0,0,0,5,10,6,21,11,13,18,0,0,..,0,0,4,4,9,12,5,9,..,..,..,..,..
Emigrants,Foreigners,Haiti,904,Latin America and the Caribbean,915,Caribbean,902,Developing regions,22,23,25,30,18,13,30,24,20,21,0,30,24,24,23,13,22,26,0,0,..,0,0,23,27,22,26,21,15,..,..,..,..,..
Emigrants,Foreigners,Holy See,908,Europe,925,Southern Europe,901,Developed regions,0,0,0,0,0,0,0,0,0,0,0,24,11,11,10,2,2,3,0,0,..,0,0,3,3,1,1,3,2,..,..,..,..,..
Emigrants,Foreigners,Honduras,904,Latin America and the Caribbean,916,Central America,902,Developing regions,35,37,21,33,34,32,47,47,43,30,0,47,45,41,51,53,38,32,0,0,..,0,0,46,54,40,65,63,79,..,..,..,..,..
Emigrants,Foreigners,Hungary,908,Europe,923,Eastern Europe,901,Developed regions,4126,5153,5908,4963,4749,4695,4493,4918,6885,8324,8973,14880,20893,24849,21826,18662,16946,15065,12175,12560,..,14828,15688,14972,16490,15669,15036,16950,21454,..,..,..,..,..
Emigrants,Foreigners,Iceland,908,Europe,924,Northern Europe,901,Developed regions,144,144,128,139,146,125,169,163,135,164,0,225,238,294,306,340,278,347,0,0,..,221,175,218,201,185,169,183,224,..,..,..,..,..
Emigrants,Foreigners,India,935,Asia,5501,Southern Asia,902,Developing regions,3466,4715,6190,6837,4704,4471,5637,5430,3749,3399,3836,4565,4422,6148,5568,4735,4824,4894,4976,4660,..,4916,5450,6121,7302,7095,8228,8056,9532,..,..,..,..,..
Emigrants,Foreigners,Indonesia,935,Asia,920,South-Eastern Asia,902,Developing regions,939,1081,1399,1303,1235,1215,966,844,874,947,0,921,908,976,1150,1215,982,1018,0,0,..,990,1127,1278,1381,1217,1324,1240,1440,..,..,..,..,..
Emigrants,Foreigners,Iran (Islamic Republic of),935,Asia,5501,Southern Asia,902,Developing regions,2932,2998,2658,2729,4706,7560,9985,6809,5813,6975,6160,5455,4698,4510,4242,4011,4034,4273,4323,4191,..,4624,3950,3703,3780,2939,2831,2260,3189,..,..,..,..,..
Emigrants,Foreigners,Iraq,935,Asia,922,Western Asia,902,Developing regions,571,552,646,434,349,374,545,254,246,303,0,386,476,467,488,477,1033,2587,0,0,..,3320,5618,5088,5028,4316,4169,3473,3945,..,..,..,..,..
Emigrants,Foreigners,Ireland,908,Europe,924,Northern Europe,901,Developed regions,2722,3051,2173,1617,1611,1543,1571,2273,1850,2639,2393,4846,3950,3999,4384,4716,6066,5001,3794,3006,..,2092,1984,1743,1823,1146,1134,1142,1280,..,..,..,..,..
Emigrants,Foreigners,Israel,935,Asia,922,Western Asia,902,Developing regions,904,971,1130,931,824,773,854,748,694,609,647,870,835,902,922,823,792,900,815,794,..,699,693,939,1019,960,1001,900,1075,..,..,..,..,..
Emigrants,Foreigners,Italy,908,Europe,925,Southern Europe,901,Developed regions,77845,81139,81899,71639,61627,51298,41909,39250,37192,38636,34343,36609,32922,31362,32884,34739,37535,38590,37851,37205,..,33164,34179,32485,35056,27118,25720,23591,25846,..,..,..,..,..
Emigrants,Foreigners,Jamaica,904,Latin America and the Caribbean,915,Caribbean,902,Developing regions,0,0,0,0,0,0,0,0,0,0,0,57,67,81,98,93,122,128,0,0,..,0,0,82,84,59,72,68,100,..,..,..,..,..
Emigrants,Foreigners,Japan,935,Asia,906,Eastern Asia,901,Developed regions,2999,3241,3360,3426,3548,3461,3727,3728,4042,4065,4244,4832,4977,5922,5587,5203,5015,5118,5000,5026,..,5047,5444,5563,5934,5111,5423,5465,6037,..,..,..,..,..
Emigrants,Foreigners,Jordan,935,Asia,922,Western Asia,902,Developing regions,1564,1338,1456,1352,1188,851,709,715,570,593,0,605,652,604,690,711,634,652,0,0,..,560,489,532,560,570,618,488,601,..,..,..,..,..
Emigrants,Foreigners,Kazakhstan,935,Asia,5500,Central Asia,902,Developing regions,0,0,0,0,0,0,0,0,0,0,0,0,678,1616,4040,6889,5125,3039,0,0,..,0,0,2156,1972,1727,1561,1358,1525,..,..,..,..,..
Emigrants,Foreigners,Kenya,903,Africa,910,Eastern Africa,902,Developing regions,136,141,135,119,156,126,164,128,126,142,0,164,253,314,311,316,368,402,0,0,..,451,513,524,547,541,639,639,750,..,..,..,..,..
Emigrants,Foreigners,Kiribati,909,Oceania,954,Micronesia,902,Developing regions,0,0,0,0,0,0,0,0,0,0,0,340,476,405,337,462,317,528,0,0,..,0,0,194,464,195,321,346,288,..,..,..,..,..
Emigrants,Foreigners,Kuwait,935,Asia,922,Western Asia,902,Developing regions,0,0,0,0,0,0,0,0,0,0,0,129,44,45,75,72,191,96,0,0,..,0,0,34,54,159,150,155,117,..,..,..,..,..
Emigrants,Foreigners,Kyrgyzstan,935,Asia,5500,Central Asia,902,Developing regions,0,0,0,0,0,0,0,0,0,0,0,0,56,158,409,707,295,381,0,0,..,0,0,478,463,466,506,475,673,..,..,..,..,..
Emigrants,Foreigners,Lao People's Democratic Republic,935,Asia,920,South-Eastern Asia,902,Developing regions,0,0,0,0,0,0,0,0,0,0,0,114,110,111,100,83,76,75,0,0,..,0,0,64,64,58,35,29,43,..,..,..,..,..
Emigrants,Foreigners,Latvia,908,Europe,924,Northern Europe,901,Developed regions,0,0,0,0,0,0,0,0,0,0,0,30,315,971,1551,1143,1183,1385,1356,1326,..,0,0,1424,1650,1430,1558,1400,1727,..,..,..,..,..
Emigrants,Foreigners,Lebanon,935,Asia,922,Western Asia,902,Developing regions,2430,2525,2848,2453,1819,3225,4947,2159,1510,1897,2895,4329,2993,3605,3927,2503,2258,2702,2543,1874,..,1598,1526,1807,1846,1616,1481,1511,1846,..,..,..,..,..
Emigrants,Foreigners,Lesotho,903,Africa,913,Southern Africa,902,Developing regions,0,0,0,0,0,0,0,0,0,0,0,25,15,19,18,23,11,12,0,0,..,0,0,10,7,10,4,9,14,..,..,..,..,..
Emigrants,Foreigners,Liberia,903,Africa,914,Western Africa,902,Developing regions,44,39,77,64,65,66,61,25,46,40,0,691,1066,1821,1503,1147,753,884,0,0,..,279,204,260,424,389,301,167,188,..,..,..,..,..
Emigrants,Foreigners,Libya,903,Africa,912,Northern Africa,902,Developing regions,452,363,548,657,476,325,267,195,353,225,0,178,208,245,204,175,283,274,0,0,..,0,0,475,493,495,638,598,616,..,..,..,..,..
Emigrants,Foreigners,Liechtenstein,908,Europe,926,Western Europe,901,Developed regions,0,0,0,0,0,0,0,0,0,0,0,8,8,6,8,15,11,13,0,0,..,0,0,13,15,20,21,17,22,..,..,..,..,..
Emigrants,Foreigners,Lithuania,908,Europe,924,Northern Europe,901,Developed regions,0,0,0,0,0,0,0,0,0,0,0,74,378,1070,1778,1989,1990,1857,1631,1547,..,0,0,2083,2407,2538,3189,3123,3152,..,..,..,..,..
Emigrants,Foreigners,Luxembourg,908,Europe,926,Western Europe,901,Developed regions,349,345,357,348,345,341,329,297,260,324,298,354,330,361,383,359,401,406,435,480,..,423,481,617,746,711,718,832,1108,..,..,..,..,..
Emigrants,Foreigners,Madagascar,903,Africa,910,Eastern Africa,902,Developing regions,24,31,30,30,28,33,33,38,64,56,0,49,56,60,52,68,87,74,0,0,..,0,0,63,60,74,38,59,96,..,..,..,..,..
Emigrants,Foreigners,Malawi,903,Africa,910,Eastern Africa,902,Developing regions,0,0,0,0,0,0,0,0,0,0,0,8,26,24,26,50,26,20,0,0,..,0,0,28,23,30,26,22,28,..,..,..,..,..
Emigrants,Foreigners,Malaysia,935,Asia,920,South-Eastern Asia,902,Developing regions,207,197,158,254,221,508,168,177,154,156,0,165,204,245,207,222,293,305,0,0,..,0,0,478,474,428,600,484,674,..,..,..,..,..
Emigrants,Foreigners,Maldives,935,Asia,5501,Southern Asia,902,Developing regions,0,0,0,0,0,0,0,0,0,0,0,2,3,5,4,6,7,3,0,0,..,0,0,3,10,5,7,4,6,..,..,..,..,..
Emigrants,Foreigners,Mali,903,Africa,914,Western Africa,902,Developing regions,29,30,36,42,36,38,50,50,41,48,0,94,112,165,208,138,105,105,0,0,..,0,0,96,92,82,81,58,86,..,..,..,..,..
Emigrants,Foreigners,Malta,908,Europe,925,Southern Europe,901,Developed regions,0,0,0,0,0,0,0,0,0,0,0,33,39,34,29,38,28,28,0,0,..,0,0,46,48,35,31,36,57,..,..,..,..,..
Emigrants,Foreigners,Marshall Islands,909,Oceania,954,Micronesia,902,Developing regions,0,0,0,0,0,0,0,0,0,0,0,0,0,0,0,0,0,0,0,0,..,0,0,0,0,2,0,1,0,..,..,..,..,..
Emigrants,Foreigners,Mauritania,903,Africa,914,Western Africa,902,Developing regions,0,0,0,0,0,0,0,0,0,0,0,26,36,53,78,70,93,100,0,0,..,0,0,138,138,135,83,86,79,..,..,..,..,..
Emigrants,Foreigners,Mauritius,903,Africa,910,Eastern Africa,902,Developing regions,0,0,0,0,0,0,0,0,0,0,0,42,52,55,45,46,39,47,0,0,..,0,0,60,50,40,57,30,50,..,..,..,..,..
Emigrants,Foreigners,Mexico,904,Latin America and the Caribbean,916,Central America,902,Developing regions,431,481,535,407,370,492,500,484,415,410,0,551,533,550,519,570,680,790,0,0,..,1169,1196,1382,1517,1547,1660,1966,2491,..,..,..,..,..
Emigrants,Foreigners,Micronesia (Federated States of),909,Oceania,954,Micronesia,902,Developing regions,0,0,0,0,0,0,0,0,0,0,0,0,0,0,0,0,0,0,0,0,..,0,0,1,0,0,0,2,0,..,..,..,..,..
Emigrants,Foreigners,Monaco,908,Europe,926,Western Europe,901,Developed regions,0,0,0,0,0,0,0,0,0,0,0,9,4,1,8,4,3,11,0,0,..,0,0,0,1,1,3,1,2,..,..,..,..,..
Emigrants,Foreigners,Mongolia,935,Asia,906,Eastern Asia,902,Developing regions,0,0,0,0,0,0,0,0,0,0,0,145,143,332,503,469,638,566,0,0,..,0,0,888,787,672,586,524,692,..,..,..,..,..
Emigrants,Foreigners,Montenegro,908,Europe,925,Southern Europe,901,Developed regions,0,0,0,0,0,0,0,0,0,0,0,0,0,0,0,0,0,0,..,..,..,..,..,..,..,..,34,210,217,..,..,..,..,..
Emigrants,Foreigners,Morocco,903,Africa,912,Northern Africa,902,Developing regions,1336,1416,1726,1792,2163,1395,1399,1205,1422,1299,1519,2000,2319,2856,3403,2807,2518,2531,2800,2692,..,2667,2905,3149,3515,3124,2755,2515,2765,..,..,..,..,..
Emigrants,Foreigners,Mozambique,903,Africa,910,Eastern Africa,902,Developing regions,0,0,0,0,0,0,0,0,0,0,0,1697,415,352,205,228,178,196,0,0,..,0,0,179,146,77,65,95,141,..,..,..,..,..
Emigrants,Foreigners,Myanmar,935,Asia,920,South-Eastern Asia,902,Developing regions,26,43,34,45,36,52,45,50,42,26,0,146,88,53,46,80,177,78,0,0,..,0,0,164,124,176,293,387,310,..,..,..,..,..
Emigrants,Foreigners,Namibia,903,Africa,913,Southern Africa,902,Developing regions,0,0,0,0,0,0,0,0,0,0,0,41,37,47,51,43,55,72,..,0,..,..,0,78,57,86,63,57,60,..,..,..,..,..
Emigrants,Foreigners,Nepal,935,Asia,5501,Southern Asia,902,Developing regions,29,34,39,29,35,37,52,34,40,50,0,94,272,534,1215,789,562,463,0,0,..,0,0,324,371,421,377,324,361,..,..,..,..,..
Emigrants,Foreigners,Netherlands,908,Europe,926,Western Europe,901,Developed regions,4163,4319,4527,4093,4205,4105,4025,3758,3615,4057,4327,4800,4867,5432,6361,5924,6519,6834,6577,6542,..,5224,5493,5264,6230,5479,5854,6340,7309,..,..,..,..,..
Emigrants,Foreigners,New Zealand,909,Oceania,927,Australia and New Zealand,901,Developed regions,215,190,208,179,142,180,173,174,158,154,0,197,221,235,267,250,251,301,0,0,..,272,263,366,333,303,304,323,450,..,..,..,..,..
Emigrants,Foreigners,Nicaragua,904,Latin America and the Caribbean,916,Central America,902,Developing regions,32,25,31,36,48,49,54,24,37,35,0,80,86,59,58,61,46,71,0,0,..,0,0,52,57,39,42,40,33,..,..,..,..,..
Emigrants,Foreigners,Niger,903,Africa,914,Western Africa,902,Developing regions,13,13,27,14,18,19,23,28,12,15,0,50,118,210,180,172,92,83,0,0,..,0,0,90,97,80,64,61,66,..,..,..,..,..
Emigrants,Foreigners,Nigeria,903,Africa,914,Western Africa,902,Developing regions,662,821,805,604,477,459,523,391,398,474,0,3558,5448,5137,3022,1791,1587,1877,0,0,..,1149,1272,1510,1768,1657,1446,1324,1560,..,..,..,..,..
Emigrants,Foreigners,Norway,908,Europe,924,Northern Europe,901,Developed regions,633,730,769,933,842,877,822,835,716,776,0,971,1035,1252,1283,1588,1248,1244,0,0,..,1032,911,879,846,783,770,720,937,..,..,..,..,..
Emigrants,Foreigners,Oman,935,Asia,922,Western Asia,902,Developing regions,0,0,0,0,0,0,0,0,0,0,0,7,15,20,13,12,7,8,0,0,..,0,0,16,35,37,54,49,61,..,..,..,..,..
Emigrants,Foreigners,Pakistan,935,Asia,5501,Southern Asia,902,Developing regions,3343,4196,7682,7415,3414,2636,2480,2149,1477,1524,1322,1610,1669,2025,2775,2691,2818,2772,2882,2595,..,2527,1738,1889,2397,2234,1759,1615,1741,..,..,..,..,..
Emigrants,Foreigners,Panama,904,Latin America and the Caribbean,916,Central America,902,Developing regions,15,17,13,10,36,19,33,19,28,35,0,25,39,43,45,39,22,40,0,0,..,0,0,52,32,40,51,50,67,..,..,..,..,..
Emigrants,Foreigners,Papua New Guinea,909,Oceania,928,Melanesia,902,Developing regions,0,0,0,0,0,0,0,0,0,0,0,18,10,29,9,13,19,6,0,0,..,0,0,7,4,8,2,2,5,..,..,..,..,..
Emigrants,Foreigners,Paraguay,904,Latin America and the Caribbean,931,South America,902,Developing regions,47,62,76,77,74,85,77,74,94,87,0,84,108,106,101,90,89,110,0,0,..,0,0,97,136,121,115,133,185,..,..,..,..,..
Emigrants,Foreigners,Peru,904,Latin America and the Caribbean,931,South America,902,Developing regions,259,363,457,428,361,299,252,302,282,335,0,426,417,528,575,557,675,604,0,0,..,0,0,665,840,767,762,713,865,..,..,..,..,..
Emigrants,Foreigners,Philippines,935,Asia,920,South-Eastern Asia,902,Developing regions,771,898,993,1081,1072,950,1156,1332,1404,1380,0,2285,2815,2797,2604,2433,2414,3264,0,0,..,2766,2721,2936,2859,3023,3524,3647,5056,..,..,..,..,..
Emigrants,Foreigners,Poland,908,Europe,923,Eastern Europe,901,Developed regions,27927,49021,34120,36333,52859,57911,62686,71263,100294,148581,163606,117195,110056,101904,66037,71001,71824,70180,60778,59352,..,64262,67907,73666,96345,98190,107569,113791,119649,..,..,..,..,..
Emigrants,Foreigners,Portugal,908,Europe,925,Southern Europe,901,Developed regions,8043,7815,9173,9413,20717,3422,2279,2004,2059,2881,3028,4188,5032,6375,14558,20794,25726,26716,22116,16376,..,10968,10771,8508,8772,6912,6729,6452,7009,..,..,..,..,..
Emigrants,Foreigners,Qatar,935,Asia,922,Western Asia,902,Developing regions,0,0,0,0,0,0,0,0,0,0,0,7,0,9,11,6,15,5,0,0,..,0,0,27,39,34,40,79,84,..,..,..,..,..
Emigrants,Foreigners,Republic of Korea,935,Asia,906,Eastern Asia,902,Developing regions,1059,1045,1266,1245,1515,1293,1358,1271,1344,1489,0,1835,2053,1935,1974,2044,533,2391,0,0,..,2088,2190,2475,2769,2519,2472,2914,3654,..,..,..,..,..
Emigrants,Foreigners,Republic of Moldova,908,Europe,923,Eastern Europe,901,Developed regions,0,0,0,0,0,0,0,0,0,0,0,0,50,307,921,1093,1460,938,753,551,..,0,0,701,603,610,574,481,521,..,..,..,..,..
Emigrants,Foreigners,Romania,908,Europe,923,Eastern Europe,901,Developed regions,2382,2152,2270,2273,2301,2309,2499,2777,3545,3729,16865,30786,52532,102309,44987,25589,16688,13496,13486,14730,..,18369,17555,19759,20275,20606,21713,24524,37778,..,..,..,..,..
Emigrants,Foreigners,Russian Federation,908,Europe,923,Eastern Europe,901,Developed regions,1121,1091,1050,989,1002,1016,1097,2454,5435,11478,13698,0,6323,7854,13340,14127,13181,11645,11035,10839,..,12516,14414,13879,14078,12899,12122,11120,13881,..,..,..,..,..
Emigrants,Foreigners,Rwanda,903,Africa,910,Eastern Africa,902,Developing regions,19,24,34,41,23,32,44,18,26,30,0,29,54,62,73,184,132,164,0,0,..,0,0,60,50,41,52,36,53,..,..,..,..,..
Emigrants,Foreigners,Saint Kitts and Nevis,904,Latin America and the Caribbean,915,Caribbean,902,Developing regions,0,0,0,0,0,0,0,0,0,0,0,0,1,0,0,2,0,1,0,0,..,0,0,1,2,0,0,1,0,..,..,..,..,..
Emigrants,Foreigners,Saint Lucia,904,Latin America and the Caribbean,915,Caribbean,902,Developing regions,0,0,0,0,0,0,0,0,0,0,0,5,3,6,10,9,6,10,0,0,..,0,0,6,5,8,4,10,9,..,..,..,..,..
Emigrants,Foreigners,Saint Vincent and the Grenadines,904,Latin America and the Caribbean,915,Caribbean,902,Developing regions,0,0,0,0,0,0,0,0,0,0,0,9,3,5,6,7,4,3,0,0,..,0,0,4,1,6,1,2,0,..,..,..,..,..
Emigrants,Foreigners,Samoa,909,Oceania,957,Polynesia,902,Developing regions,0,0,0,0,0,0,0,0,0,0,0,4,2,2,1,5,3,3,0,0,..,0,0,6,4,94,1,2,2,..,..,..,..,..
Emigrants,Foreigners,San Marino,908,Europe,925,Southern Europe,901,Developed regions,0,0,0,0,0,0,0,0,0,0,0,3,3,15,4,4,7,2,0,0,..,0,0,5,3,3,2,3,4,..,..,..,..,..
Emigrants,Foreigners,Sao Tome and Principe,903,Africa,911,Middle Africa,902,Developing regions,0,0,0,0,0,0,0,0,0,0,0,8,4,8,10,6,12,7,0,0,..,0,0,17,6,5,2,7,2,..,..,..,..,..
Emigrants,Foreigners,Saudi Arabia,935,Asia,922,Western Asia,902,Developing regions,120,141,300,249,344,249,349,269,125,238,0,186,247,200,166,182,152,159,0,0,..,0,0,178,253,415,445,460,618,..,..,..,..,..
Emigrants,Foreigners,Senegal,903,Africa,914,Western Africa,902,Developing regions,63,108,95,98,132,100,125,133,271,240,0,333,333,578,652,367,257,241,0,0,..,0,0,166,196,162,197,141,173,..,..,..,..,..
Emigrants,Foreigners,Serbia,908,Europe,925,Southern Europe,901,Developed regions,0,0,0,0,0,0,0,0,0,0,0,0,0,0,0,0,0,0,..,..,..,..,..,..,..,..,2051,8556,9990,..,..,..,..,..
Emigrants,Foreigners,Seychelles,903,Africa,910,Eastern Africa,902,Developing regions,0,0,0,0,0,0,0,0,0,0,0,15,20,16,17,13,15,18,0,0,..,0,0,8,19,14,7,18,13,..,..,..,..,..
Emigrants,Foreigners,Sierra Leone,903,Africa,914,Western Africa,902,Developing regions,62,59,73,73,106,95,94,64,87,77,0,94,379,836,800,611,561,471,0,0,..,0,0,898,704,492,405,283,336,..,..,..,..,..
Emigrants,Foreigners,Singapore,935,Asia,920,South-Eastern Asia,902,Developing regions,0,0,0,0,0,0,0,0,0,0,0,127,121,86,118,122,79,116,0,0,..,0,0,212,244,262,217,301,374,..,..,..,..,..
Emigrants,Foreigners,Slovakia,908,Europe,923,Eastern Europe,901,Developed regions,0,0,0,0,0,0,0,0,0,0,0,0,0,6277,4350,7043,6230,6185,5985,6825,..,9703,9883,9669,10284,9088,9542,8479,9406,..,..,..,..,..
Emigrants,Foreigners,Slovenia,908,Europe,925,Southern Europe,901,Developed regions,0,0,0,0,0,0,0,0,0,0,0,0,1219,1756,2252,2101,2258,2135,2094,1866,..,2368,2314,2223,2370,1607,1265,1241,1611,..,..,..,..,..
Emigrants,Foreigners,Solomon Islands,909,Oceania,928,Melanesia,902,Developing regions,0,0,0,0,0,0,0,0,0,0,0,1,0,1,1,0,0,0,0,0,..,0,0,5,0,0,0,1,2,..,..,..,..,..
Emigrants,Foreigners,Somalia,903,Africa,910,Eastern Africa,902,Developing regions,81,77,119,110,111,119,121,109,124,328,0,682,861,1471,1134,718,881,870,0,0,..,621,523,530,499,336,323,253,263,..,..,..,..,..
Emigrants,Foreigners,South Africa,903,Africa,913,Southern Africa,902,Developing regions,486,533,499,492,465,403,484,452,527,563,599,726,968,1120,1106,982,917,908,869,805,..,858,836,983,1057,756,804,714,956,..,..,..,..,..
Emigrants,Foreigners,Spain,908,Europe,925,Southern Europe,901,Developed regions,9788,8678,10083,9758,8935,7464,6407,5938,5749,6026,5700,5984,6332,6834,7429,6873,7850,8866,8413,9541,..,9004,9194,8992,10345,8185,8140,7442,9139,..,..,..,..,..
Emigrants,Foreigners,Sri Lanka,935,Asia,5501,Southern Asia,902,Developing regions,499,834,1753,2774,3330,7756,2887,2463,1595,2061,1937,1784,1869,2115,1860,1583,2375,2910,4131,3769,..,2298,1814,1538,1429,1126,925,769,866,..,..,..,..,..
Emigrants,Foreigners,Sudan,903,Africa,912,Northern Africa,902,Developing regions,197,227,268,189,209,204,168,180,160,179,0,203,295,391,432,344,432,661,0,0,..,0,0,487,469,437,463,394,417,..,..,..,..,..
Emigrants,Foreigners,Suriname,904,Latin America and the Caribbean,931,South America,902,Developing regions,0,0,0,0,0,0,0,0,0,0,0,9,6,7,5,6,3,6,0,0,..,0,0,4,3,6,4,3,5,..,..,..,..,..
Emigrants,Foreigners,Swaziland,903,Africa,913,Southern Africa,902,Developing regions,0,0,0,0,0,0,0,0,0,0,0,6,12,13,10,5,11,10,0,0,..,0,0,2,1,8,9,5,7,..,..,..,..,..
Emigrants,Foreigners,Sweden,908,Europe,924,Northern Europe,901,Developed regions,1171,1323,1354,1264,1358,1415,1338,1295,1328,1394,0,1872,2034,2589,2695,2958,3179,3528,3291,3295,..,2686,2630,2434,2687,2022,2132,2200,2345,..,..,..,..,..
Emigrants,Foreigners,Switzerland,908,Europe,926,Western Europe,901,Developed regions,2652,2705,2631,2499,2638,2470,2506,2525,2434,2430,2267,2371,2412,2546,2655,2701,2569,2794,2737,2775,..,2797,2605,2353,2627,2430,2627,2725,3387,..,..,..,..,..
Emigrants,Foreigners,Syrian Arab Republic,935,Asia,922,Western Asia,902,Developing regions,1263,1342,1510,1424,1322,1143,1242,1020,927,1126,0,1131,956,968,925,824,870,940,0,0,..,967,1039,1191,1251,1128,1055,989,1180,..,..,..,..,..
Emigrants,Foreigners,Tajikistan,935,Asia,5500,Central Asia,902,Developing regions,0,0,0,0,0,0,0,0,0,0,0,0,57,107,233,193,97,84,0,0,..,0,0,80,89,57,79,104,127,..,..,..,..,..
Emigrants,Foreigners,Thailand,935,Asia,920,South-Eastern Asia,902,Developing regions,633,807,831,842,924,973,1421,2713,3693,2975,0,1254,1471,1826,1944,1986,1921,1988,0,0,..,2531,2714,2653,2767,2459,2485,2296,2843,..,..,..,..,..
Emigrants,Foreigners,The former Yugoslav Republic of Macedonia,908,Europe,925,Southern Europe,901,Developed regions,0,0,0,0,0,0,0,0,0,0,0,0,0,582,2996,3551,2919,2468,2366,2312,..,2639,3322,2751,2829,2067,2000,1749,2225,..,..,..,..,..
Emigrants,Foreigners,Timor-Leste,935,Asia,920,South-Eastern Asia,902,Developing regions,0,0,0,0,0,0,0,0,0,0,0,0,0,0,0,0,0,0,..,..,..,..,..,..,..,..,..,..,3,..,..,..,..,..
Emigrants,Foreigners,Togo,903,Africa,914,Western Africa,902,Developing regions,78,77,93,71,83,70,95,95,111,114,0,233,548,1189,1134,1053,902,1323,0,0,..,667,0,781,845,675,517,414,433,..,..,..,..,..
Emigrants,Foreigners,Tonga,909,Oceania,957,Polynesia,902,Developing regions,0,0,0,0,0,0,0,0,0,0,0,3,0,12,8,6,3,7,0,0,..,0,0,7,5,2,2,4,5,..,..,..,..,..
Emigrants,Foreigners,Trinidad and Tobago,904,Latin America and the Caribbean,915,Caribbean,902,Developing regions,19,24,28,20,19,21,22,23,27,11,0,26,30,32,26,81,42,71,0,0,..,0,0,45,33,29,26,27,84,..,..,..,..,..
Emigrants,Foreigners,Tunisia,903,Africa,912,Northern Africa,902,Developing regions,1771,2050,2558,2636,4371,2189,2078,1770,1821,1873,1789,1789,1836,1924,2011,1949,1659,1565,1580,1249,..,1259,1285,1211,1350,1331,1324,1307,1600,..,..,..,..,..
Emigrants,Foreigners,Turkey,935,Asia,922,Western Asia,902,Developing regions,71444,71615,87579,100977,213891,61017,52444,46347,40504,38115,35635,36639,40727,46642,47378,44366,45030,46820,47154,42823,..,36495,36750,36863,38005,34466,32424,29879,34843,..,..,..,..,..
Emigrants,Foreigners,Turkmenistan,935,Asia,5500,Central Asia,902,Developing regions,0,0,0,0,0,0,0,0,0,0,0,0,0,9,19,45,43,27,0,0,..,0,0,67,92,53,67,63,91,..,..,..,..,..
Emigrants,Foreigners,Tuvalu,909,Oceania,957,Polynesia,902,Developing regions,0,0,0,0,0,0,0,0,0,0,0,170,117,81,22,52,35,143,0,0,..,0,0,61,268,79,106,91,102,..,..,..,..,..
Emigrants,Foreigners,Uganda,903,Africa,910,Eastern Africa,902,Developing regions,75,88,83,81,69,53,58,100,89,93,0,99,144,227,152,141,147,157,0,0,..,1,0,153,173,204,139,110,146,..,..,..,..,..
Emigrants,Foreigners,Ukraine,908,Europe,923,Eastern Europe,901,Developed regions,0,0,0,0,0,0,0,0,0,0,0,0,762,3226,5417,5868,4566,4370,4471,5014,..,5959,7127,6626,6357,5656,5240,4917,6337,..,..,..,..,..
Emigrants,Foreigners,United Arab Emirates,935,Asia,922,Western Asia,902,Developing regions,0,0,0,0,0,0,0,0,0,0,0,377,231,44,24,42,27,116,0,0,..,0,0,268,597,841,708,644,663,..,..,..,..,..
Emigrants,Foreigners,United Kingdom of Great Britain and Northern Ireland,908,Europe,924,Northern Europe,901,Developed regions,14515,17017,15978,13287,11860,11052,10527,9806,9560,9792,9532,11337,12235,13103,15861,14726,15873,15365,13838,13381,..,10639,10756,9576,10885,7864,7771,7300,8898,..,..,..,..,..
Emigrants,Foreigners,United Republic of Tanzania,903,Africa,910,Eastern Africa,902,Developing regions,107,95,107,145,123,146,162,158,163,138,0,153,172,136,163,163,156,129,0,0,..,127,0,134,193,147,139,114,156,..,..,..,..,..
Emigrants,Foreigners,United States of America,905,Northern America,905,Northern America,901,Developed regions,11935,12896,12886,12212,12859,13022,14044,13097,12289,12435,11903,14349,13985,14794,15895,14728,13915,14716,15689,15525,..,15032,14615,14064,14926,14409,14904,15181,19019,..,..,..,..,..
Emigrants,Foreigners,Uruguay,904,Latin America and the Caribbean,931,South America,902,Developing regions,60,57,69,93,74,67,67,64,85,68,0,69,70,95,74,82,71,68,0,0,..,0,0,43,69,67,64,76,70,..,..,..,..,..
Emigrants,Foreigners,Uzbekistan,935,Asia,5500,Central Asia,902,Developing regions,0,0,0,0,0,0,0,0,0,0,0,0,56,139,303,484,430,309,0,0,..,0,0,441,466,356,412,397,491,..,..,..,..,..
Emigrants,Foreigners,Vanuatu,909,Oceania,928,Melanesia,902,Developing regions,0,0,0,0,0,0,0,0,0,0,0,0,1,0,2,1,0,0,0,0,..,0,0,2,1,0,7,1,3,..,..,..,..,..
Emigrants,Foreigners,Venezuela (Bolivarian Republic of),904,Latin America and the Caribbean,931,South America,902,Developing regions,178,164,278,189,245,161,157,142,146,147,0,229,298,230,296,326,242,283,0,0,..,0,0,309,346,343,301,341,448,..,..,..,..,..
Emigrants,Foreigners,Viet Nam,935,Asia,920,South-Eastern Asia,902,Developing regions,252,216,293,240,263,317,310,306,281,287,1799,9955,3490,4466,4415,4643,6033,7043,0,0,..,3262,4394,4722,4971,4176,4551,3919,4313,..,..,..,..,..
Emigrants,Foreigners,Yemen,935,Asia,922,Western Asia,902,Developing regions,0,0,0,0,0,0,0,0,0,0,0,119,141,93,79,135,134,148,0,0,..,0,0,241,291,219,282,434,303,..,..,..,..,..
Emigrants,Foreigners,Zambia,903,Africa,910,Eastern Africa,902,Developing regions,0,0,0,0,0,0,0,0,0,0,0,34,31,50,46,45,28,45,0,0,..,0,0,51,81,43,56,65,60,..,..,..,..,..
Emigrants,Foreigners,Zimbabwe,903,Africa,910,Eastern Africa,902,Developing regions,0,0,0,0,0,0,0,0,0,0,0,50,53,76,75,73,70,63,0,0,..,0,0,81,96,92,99,95,92,..,..,..,..,..
Emigrants,Foreigners,Unknown,999,World,999,World,999,World,214,270,279,272,308,805,1445,1280,2203,5269,0,1595,1998,2180,2263,2143,2002,2427,130000,125451,562794,80866,78116,46601,45991,34612,29733,17859,22610,..,..,..,..,..
Emigrants,Both,Total,999,World,999,World,999,World,395024,426058,446041,443666,564819,389114,373871,370239,389745,502429,539783,513105,583530,716975,682670,640592,628413,683101,755358,672048,674038,606494,623255,626330,697632,628399,639064,636854,737889,..,..,..,..,..
Immigrants,Foreigners,Afghanistan,935,Asia,5501,Southern Asia,902,Developing regions,5281,5162,2416,846,1081,2238,2999,1807,1860,4078,8192,5800,5966,5908,6277,8679,7019,5526,4768,5893,..,6384,3896,2606,2313,1600,1505,1359,1855,..,..,..,..,..
Immigrants,Foreigners,Albania,908,Europe,925,Southern Europe,901,Developed regions,0,0,0,0,0,0,0,0,0,0,3505,3782,6912,5531,1950,1786,1426,2175,1760,2122,..,1490,1667,1670,1355,1261,1139,1106,1046,..,..,..,..,..
Immigrants,Foreigners,Algeria,903,Africa,912,Northern Africa,902,Developing regions,741,744,555,635,563,684,625,640,860,1227,0,1817,6003,10694,4143,2990,2885,2898,0,0,..,3085,3077,2585,2204,1604,1411,1372,1381,..,..,..,..,..
Immigrants,Foreigners,Andorra,908,Europe,925,Southern Europe,901,Developed regions,0,0,0,0,0,0,0,0,0,0,0,7,9,9,8,13,10,5,0,0,..,0,0,7,6,3,2,4,2,..,..,..,..,..
Immigrants,Foreigners,Angola,903,Africa,911,Middle Africa,902,Developing regions,0,0,0,0,0,0,0,0,0,0,0,1825,1079,1321,779,679,899,703,0,0,..,643,975,601,366,330,327,381,348,..,..,..,..,..
Immigrants,Foreigners,Antigua and Barbuda,904,Latin America and the Caribbean,915,Caribbean,902,Developing regions,0,0,0,0,0,0,0,0,0,0,0,1,13,4,1,1,8,1,0,0,..,0,0,2,2,3,3,1,3,..,..,..,..,..
Immigrants,Foreigners,Argentina,904,Latin America and the Caribbean,931,South America,902,Developing regions,1318,1472,1356,943,852,663,804,808,802,863,1079,1063,939,808,612,628,747,716,726,751,..,1017,1437,1065,818,767,759,797,911,..,..,..,..,..
Immigrants,Foreigners,Armenia,935,Asia,922,Western Asia,902,Developing regions,0,0,0,0,0,0,0,0,0,0,0,0,949,5661,2769,4340,4542,3135,0,0,..,0,0,1315,1083,849,727,679,610,..,..,..,..,..
Immigrants,Foreigners,Australia,909,Oceania,927,Australia and New Zealand,901,Developed regions,1329,1105,928,872,937,1064,1063,1038,1123,1368,0,1498,1526,1288,1137,1290,1299,1274,2424,0,..,1963,2021,1727,1698,1652,1836,1990,2157,..,..,..,..,..
Immigrants,Foreigners,Austria,908,Europe,926,Western Europe,901,Developed regions,23893,20768,14743,12559,12076,12664,12886,13194,14280,15394,15374,13486,12979,12050,10810,11292,10678,10521,11065,11878,..,11614,10167,9154,8998,8647,8901,9614,9477,..,..,..,..,..
Immigrants,Foreigners,Azerbaijan,935,Asia,922,Western Asia,902,Developing regions,0,0,0,0,0,0,0,0,0,0,0,0,306,572,500,706,1461,1785,0,0,..,0,0,2342,2394,1199,915,747,831,..,..,..,..,..
Immigrants,Foreigners,Bahamas,904,Latin America and the Caribbean,915,Caribbean,902,Developing regions,0,0,0,0,0,0,0,0,0,0,0,12,11,8,9,16,7,14,0,0,..,0,0,6,11,8,8,7,5,..,..,..,..,..
Immigrants,Foreigners,Bahrain,935,Asia,922,Western Asia,902,Developing regions,0,0,0,0,0,0,0,0,0,0,0,5,2,7,12,2,2,6,0,0,..,0,0,11,14,16,12,32,49,..,..,..,..,..
Immigrants,Foreigners,Bangladesh,935,Asia,5501,Southern Asia,902,Developing regions,0,0,0,0,0,0,0,0,0,0,0,1196,2392,1660,903,1279,1344,1610,952,781,..,625,570,566,499,494,462,495,458,..,..,..,..,..
Immigrants,Foreigners,Barbados,904,Latin America and the Caribbean,915,Caribbean,902,Developing regions,0,0,0,0,0,0,0,0,0,0,0,23,24,22,24,25,21,19,0,0,..,0,0,11,15,10,3,9,8,..,..,..,..,..
Immigrants,Foreigners,Belarus,908,Europe,923,Eastern Europe,901,Developed regions,0,0,0,0,0,0,0,0,0,0,0,0,1633,1676,1645,1932,1857,1891,1828,2455,..,3930,3979,4050,3301,2400,1647,1520,1483,..,..,..,..,..
Immigrants,Foreigners,Belgium,908,Europe,926,Western Europe,901,Developed regions,1998,1830,1741,1572,1718,1738,1791,1907,1834,1959,2020,2132,2068,1919,2049,2097,2112,2008,1920,1992,..,2138,2011,1943,1982,1861,1883,1798,2038,..,..,..,..,..
Immigrants,Foreigners,Belize,904,Latin America and the Caribbean,916,Central America,902,Developing regions,0,0,0,0,0,0,0,0,0,0,0,3,5,4,7,5,4,6,0,0,..,0,0,3,11,3,3,3,2,..,..,..,..,..
Immigrants,Foreigners,Benin,903,Africa,914,Western Africa,902,Developing regions,42,47,42,43,44,51,125,90,106,115,0,256,512,277,186,151,164,129,0,0,..,0,0,201,209,165,142,133,192,..,..,..,..,..
Immigrants,Foreigners,Bhutan,935,Asia,5501,Southern Asia,902,Developing regions,0,0,0,0,0,0,0,0,0,0,0,12,47,44,48,161,278,223,0,0,..,0,0,45,28,17,18,27,17,..,..,..,..,..
Immigrants,Foreigners,Bolivia (Plurinational State of),904,Latin America and the Caribbean,931,South America,902,Developing regions,309,328,205,210,206,282,245,212,231,277,0,230,235,211,190,195,245,255,0,0,..,0,0,322,334,334,352,330,284,..,..,..,..,..
Immigrants,Foreigners,Bosnia and Herzegovina,908,Europe,925,Southern Europe,901,Developed regions,0,0,0,0,0,0,0,0,0,0,0,0,60629,92640,65238,54623,11141,6837,8473,10222,..,12656,10489,8437,7987,7026,6635,6403,6154,..,..,..,..,..
Immigrants,Foreigners,Botswana,903,Africa,913,Southern Africa,902,Developing regions,0,0,0,0,0,0,0,0,0,0,0,24,18,23,14,17,21,23,0,0,..,0,0,23,22,14,16,25,17,..,..,..,..,..
Immigrants,Foreigners,Brazil,904,Latin America and the Caribbean,931,South America,902,Developing regions,1655,1603,1567,1393,1492,1988,2131,2142,2566,3179,3167,3512,3421,3328,3392,3551,3845,3689,4244,4342,..,4961,4714,4690,5034,5518,5703,6087,6290,..,..,..,..,..
Immigrants,Foreigners,Brunei Darussalam,935,Asia,920,South-Eastern Asia,902,Developing regions,0,0,0,0,0,0,0,0,0,0,0,13,1,4,5,4,2,6,0,0,..,0,0,4,5,10,1,4,12,..,..,..,..,..
Immigrants,Foreigners,Bulgaria,908,Europe,923,Eastern Europe,901,Developed regions,945,982,805,820,792,839,1008,1043,1308,2325,11202,17172,31395,27241,10387,8064,6335,6433,5275,8143,..,13156,13191,13369,11586,9057,7749,20919,24093,..,..,..,..,..
Immigrants,Foreigners,Burkina Faso,903,Africa,914,Western Africa,902,Developing regions,40,34,48,64,64,59,81,82,107,107,0,266,682,592,296,166,136,138,0,0,..,0,0,264,241,184,159,169,150,..,..,..,..,..
Immigrants,Foreigners,Burundi,903,Africa,910,Eastern Africa,902,Developing regions,44,36,35,35,24,25,37,28,25,45,0,53,56,47,114,87,90,85,0,0,..,0,0,148,108,77,54,47,39,..,..,..,..,..
Immigrants,Foreigners,Cabo Verde,903,Africa,914,Western Africa,902,Developing regions,0,0,0,0,0,0,0,0,0,0,0,94,101,101,66,81,48,90,0,0,..,0,0,28,28,26,20,24,24,..,..,..,..,..
Immigrants,Foreigners,Cambodia,935,Asia,920,South-Eastern Asia,902,Developing regions,411,89,31,13,6,7,27,27,12,20,0,47,62,86,81,57,55,78,0,0,..,0,0,147,114,108,81,95,86,..,..,..,..,..
Immigrants,Foreigners,Cameroon,903,Africa,911,Middle Africa,902,Developing regions,184,172,170,193,160,203,200,255,329,328,0,824,1497,892,545,825,1281,1628,0,0,..,2232,2929,2666,2509,2149,1774,1719,1392,..,..,..,..,..
Immigrants,Foreigners,Canada,905,Northern America,905,Northern America,901,Developed regions,1753,1607,1408,1499,1547,1732,1789,1748,1734,1857,1902,2082,2099,1806,1750,1942,1972,2066,2055,2172,..,2587,2652,2757,2572,2482,2407,2652,2862,..,..,..,..,..
Immigrants,Foreigners,Central African Republic,903,Africa,911,Middle Africa,902,Developing regions,0,0,0,0,0,0,0,0,0,0,0,41,30,25,15,19,16,28,0,0,..,0,0,23,29,21,8,7,16,..,..,..,..,..
Immigrants,Foreigners,Chad,903,Africa,911,Middle Africa,902,Developing regions,20,62,17,31,23,24,28,32,44,38,0,111,233,132,52,37,24,36,0,0,..,0,0,24,32,30,23,14,21,..,..,..,..,..
Immigrants,Foreigners,Chile,904,Latin America and the Caribbean,931,South America,902,Developing regions,740,720,774,776,723,608,685,763,963,883,758,651,596,571,509,509,522,508,534,636,..,731,789,794,799,723,745,785,868,..,..,..,..,..
Immigrants,Foreigners,China,935,Asia,906,Eastern Asia,902,Developing regions,1677,1935,1738,1926,1898,3151,4068,4091,5447,7236,0,5685,6807,8880,5834,5464,5929,6794,..,..,..,..,18463,16059,13067,12034,13211,13741,14293,..,..,..,..,..
Immigrants,Foreigners,Colombia,904,Latin America and the Caribbean,931,South America,902,Developing regions,509,495,599,730,494,449,478,552,532,989,0,1259,1036,1085,1130,1206,1238,1210,0,0,..,0,0,1476,1458,1390,1557,1494,1707,..,..,..,..,..
Immigrants,Foreigners,Comoros,903,Africa,910,Eastern Africa,902,Developing regions,0,0,0,0,0,0,0,0,0,0,0,7,11,4,13,12,13,15,0,0,..,0,0,26,2,5,2,5,6,..,..,..,..,..
Immigrants,Foreigners,Congo,903,Africa,911,Middle Africa,902,Developing regions,0,0,0,0,0,0,0,0,0,0,0,2264,7223,3679,1714,2672,3494,2028,0,0,..,0,0,458,351,216,187,219,223,..,..,..,..,..
Immigrants,Foreigners,Costa Rica,904,Latin America and the Caribbean,916,Central America,902,Developing regions,57,76,69,62,68,55,112,107,93,85,0,104,151,114,145,108,145,121,0,0,..,0,0,139,131,143,165,153,180,..,..,..,..,..
Immigrants,Foreigners,Côte d'Ivoire,903,Africa,914,Western Africa,902,Developing regions,157,78,50,30,70,80,96,102,105,134,0,373,871,857,639,449,331,333,0,0,..,376,510,626,417,335,259,256,258,..,..,..,..,..
Immigrants,Foreigners,Croatia,908,Europe,925,Southern Europe,901,Developed regions,0,0,0,0,0,0,0,0,0,0,0,0,39884,27132,17833,15334,12713,10405,10140,12627,..,14115,13050,11620,10513,9260,8624,8758,8732,..,..,..,..,..
Immigrants,Foreigners,Cuba,904,Latin America and the Caribbean,915,Caribbean,902,Developing regions,24,27,52,43,46,25,24,45,44,91,0,717,613,478,636,787,1162,1259,0,0,..,0,0,1188,1069,982,985,819,701,..,..,..,..,..
Immigrants,Foreigners,Cyprus,935,Asia,922,Western Asia,902,Developing regions,0,0,0,0,0,0,0,0,0,0,0,127,108,81,81,73,76,80,0,0,..,0,0,80,111,121,121,123,134,..,..,..,..,..
Immigrants,Foreigners,Czech Republic,908,Europe,923,Eastern Europe,901,Developed regions,8641,8801,8764,7548,7572,7651,8073,8546,11406,15771,14803,0,0,10951,9613,10026,8888,7677,7746,9345,..,10986,10236,8447,8947,8459,7712,6651,6309,..,..,..,..,..
Immigrants,Foreigners,Democratic People's Republic of Korea,935,Asia,906,Eastern Asia,902,Developing regions,156,130,138,133,193,144,145,128,158,162,0,258,190,161,225,266,2381,373,0,0,..,0,0,497,859,937,364,237,213,..,..,..,..,..
Immigrants,Foreigners,Democratic Republic of the Congo,903,Africa,911,Middle Africa,902,Developing regions,178,243,142,112,137,180,246,243,732,1054,0,67,120,69,80,115,122,301,0,0,..,0,713,456,334,256,193,261,270,..,..,..,..,..
Immigrants,Foreigners,Denmark,908,Europe,924,Northern Europe,901,Developed regions,1652,1818,1484,1427,1402,1615,1591,1588,1856,2229,2682,3064,3723,3949,3802,3228,2814,2574,2401,2467,..,2473,2210,2175,2160,2086,2015,2000,2188,..,..,..,..,..
Immigrants,Foreigners,Djibouti,903,Africa,910,Eastern Africa,902,Developing regions,0,0,0,0,0,0,0,0,0,0,0,11,6,2,3,6,11,10,0,0,..,0,0,16,20,13,12,2,5,..,..,..,..,..
Immigrants,Foreigners,Dominica,904,Latin America and the Caribbean,915,Caribbean,902,Developing regions,0,0,0,0,0,0,0,0,0,0,0,19,22,33,37,16,32,28,0,0,..,0,0,35,69,54,68,59,57,..,..,..,..,..
Immigrants,Foreigners,Dominican Republic,904,Latin America and the Caribbean,915,Caribbean,902,Developing regions,90,75,91,61,87,114,144,140,171,281,0,349,388,475,657,859,734,735,0,0,..,0,0,806,746,654,651,613,497,..,..,..,..,..
Immigrants,Foreigners,Ecuador,904,Latin America and the Caribbean,931,South America,902,Developing regions,178,159,143,182,240,139,148,148,198,207,0,261,304,330,400,446,574,559,0,0,..,0,0,894,653,665,580,580,578,..,..,..,..,..
Immigrants,Foreigners,Egypt,903,Africa,912,Northern Africa,902,Developing regions,2318,2041,1669,1504,1455,1485,1639,1780,1985,2109,0,3192,4296,3104,1757,1608,1731,1986,0,0,..,1873,1896,1605,1483,1453,1674,2063,1847,..,..,..,..,..
Immigrants,Foreigners,El Salvador,904,Latin America and the Caribbean,916,Central America,902,Developing regions,83,57,47,51,47,68,69,110,106,65,0,76,79,75,79,67,70,64,0,0,..,0,0,86,82,62,71,82,73,..,..,..,..,..
Immigrants,Foreigners,Equatorial Guinea,903,Africa,911,Middle Africa,902,Developing regions,0,0,0,0,0,0,0,0,0,0,0,31,24,21,11,16,16,11,0,0,..,0,0,6,5,6,9,2,6,..,..,..,..,..
Immigrants,Foreigners,Eritrea,903,Africa,910,Eastern Africa,902,Developing regions,0,0,0,0,0,0,0,0,0,0,0,0,0,19,162,387,646,604,0,0,..,0,0,809,780,561,496,586,464,..,..,..,..,..
Immigrants,Foreigners,Estonia,908,Europe,924,Northern Europe,901,Developed regions,0,0,0,0,0,0,0,0,0,0,0,95,873,1333,1243,1470,1349,1142,1004,817,..,0,0,814,769,715,597,696,621,..,..,..,..,..
Immigrants,Foreigners,Ethiopia,903,Africa,910,Eastern Africa,902,Developing regions,3178,893,1308,1064,2304,2903,2080,1191,1117,1583,2608,2528,2024,1474,1599,1769,1996,1453,797,814,..,822,1019,981,887,589,640,651,719,..,..,..,..,..
Immigrants,Foreigners,Fiji,909,Oceania,928,Melanesia,902,Developing regions,0,0,0,0,0,0,0,0,0,0,0,14,14,15,6,16,11,11,0,0,..,0,0,16,13,8,7,7,14,..,..,..,..,..
Immigrants,Foreigners,Finland,908,Europe,924,Northern Europe,901,Developed regions,1968,1624,1457,1412,1392,1521,1598,1744,1773,1775,0,2172,2983,3037,3935,4096,3316,3184,2805,2803,..,2623,2085,2117,2081,1981,1830,2100,1836,..,..,..,..,..
Immigrants,Foreigners,France,908,Europe,926,Western Europe,901,Developed regions,14100,12859,9953,8312,8928,9498,10136,10837,11696,12766,12663,12906,13333,13008,13564,14396,14875,14357,14298,15261,..,13451,12747,12324,12488,12260,12705,12874,12979,..,..,..,..,..
Immigrants,Foreigners,Gabon,903,Africa,911,Middle Africa,902,Developing regions,0,0,0,0,0,0,0,0,0,0,0,30,106,68,21,25,27,42,0,0,..,0,0,65,59,48,56,40,51,..,..,..,..,..
Immigrants,Foreigners,Gambia,903,Africa,914,Western Africa,902,Developing regions,0,0,0,0,0,0,0,0,0,0,0,767,1087,879,379,393,362,285,0,0,..,0,0,310,273,269,304,244,337,..,..,..,..,..
Immigrants,Foreigners,Georgia,935,Asia,922,Western Asia,902,Developing regions,0,0,0,0,0,0,0,0,0,0,0,0,419,1590,1569,3285,3762,4436,0,0,..,0,0,3948,3329,2745,2099,1615,1693,..,..,..,..,..
Immigrants,Citizens,Germany,908,Europe,926,Western Europe,901,Developed regions,104929,104450,82337,79927,79247,82653,88867,141546,255342,751419,809229,273633,290850,287561,305037,303347,251737,225335,196956,200150,191909,193958,184202,167216,177993,128051,103388,106014,108331,79165,85527,89438,87245,83229
Immigrants,Foreigners,Ghana,903,Africa,914,Western Africa,902,Developing regions,3281,3788,2802,1980,3234,5713,8162,1915,2351,4483,5404,4669,6865,3810,1574,1689,1680,1637,1528,1440,..,1910,2136,1792,1720,1492,1286,1015,976,..,..,..,..,..
Immigrants,Foreigners,Greece,908,Europe,925,Southern Europe,901,Developed regions,15882,18554,12849,9970,9387,9515,11788,15581,33124,29599,26676,28429,23748,18445,19021,20381,18955,16503,16036,17595,..,16153,14957,12146,10205,8975,8289,7892,8266,..,..,..,..,..
Immigrants,Foreigners,Grenada,904,Latin America and the Caribbean,915,Caribbean,902,Developing regions,0,0,0,0,0,0,0,0,0,0,0,9,1,14,9,5,7,7,0,0,..,0,0,6,6,5,5,8,4,..,..,..,..,..
Immigrants,Foreigners,Guatemala,904,Latin America and the Caribbean,916,Central America,902,Developing regions,126,130,103,91,90,92,90,104,71,100,0,132,125,122,83,92,93,100,0,0,..,0,0,118,97,127,97,113,125,..,..,..,..,..
Immigrants,Foreigners,Guinea,903,Africa,914,Western Africa,902,Developing regions,57,31,61,49,56,58,64,91,113,160,0,274,407,430,389,311,518,456,0,0,..,0,0,640,579,429,315,365,441,..,..,..,..,..
Immigrants,Foreigners,Guinea-Bissau,903,Africa,914,Western Africa,902,Developing regions,0,0,0,0,0,0,0,0,0,0,0,218,269,151,71,47,103,125,0,0,..,0,0,77,69,60,47,47,67,..,..,..,..,..
Immigrants,Foreigners,Guyana,904,Latin America and the Caribbean,931,South America,902,Developing regions,0,0,0,0,0,0,0,0,0,0,0,32,20,13,21,16,15,14,0,0,..,0,0,4,5,10,6,5,6,..,..,..,..,..
Immigrants,Foreigners,Haiti,904,Latin America and the Caribbean,915,Caribbean,902,Developing regions,42,29,31,28,26,32,43,40,32,37,0,47,42,27,37,40,58,52,0,0,..,0,0,87,87,88,68,76,96,..,..,..,..,..
Immigrants,Foreigners,Holy See,908,Europe,925,Southern Europe,901,Developed regions,0,0,0,0,0,0,0,0,0,0,0,32,29,21,11,13,8,11,0,0,..,0,0,10,3,1,5,4,3,..,..,..,..,..
Immigrants,Foreigners,Honduras,904,Latin America and the Caribbean,916,Central America,902,Developing regions,68,57,43,51,41,49,57,78,65,67,0,73,51,77,55,56,52,55,0,0,..,0,0,79,73,70,71,89,94,..,..,..,..,..
Immigrants,Foreigners,Hungary,908,Europe,923,Eastern Europe,901,Developed regions,7276,7454,6636,4970,5660,5737,6938,8628,12503,14961,16193,24763,27844,24164,19186,18627,16571,11140,13283,14893,..,17039,16506,14252,17411,18574,18654,22175,25151,..,..,..,..,..
Immigrants,Foreigners,Iceland,908,Europe,924,Northern Europe,901,Developed regions,140,158,155,166,179,187,220,251,243,268,0,384,348,334,392,399,387,277,0,0,..,221,257,212,215,168,173,147,229,..,..,..,..,..
Immigrants,Foreigners,India,935,Asia,5501,Southern Asia,902,Developing regions,8479,4760,4040,3610,3207,6190,9955,3421,3976,5361,8354,7999,7637,6158,5055,6128,6545,5278,4715,5077,..,8949,9433,9227,9125,8364,9500,9880,11403,..,..,..,..,..
Immigrants,Foreigners,Indonesia,935,Asia,920,South-Eastern Asia,902,Developing regions,1273,1156,1179,854,778,953,1048,969,1078,1134,0,1220,1211,1383,1495,1003,1054,1191,0,0,..,1616,1638,1561,1471,1403,1455,1406,1557,..,..,..,..,..
Immigrants,Foreigners,Iran (Islamic Republic of),935,Asia,5501,Southern Asia,902,Developing regions,10158,4145,2594,4644,10835,18211,34710,11756,13048,10613,12859,8374,6041,6124,6720,6966,7989,6411,5649,6074,..,6740,6105,5017,4219,3377,3050,2819,3257,..,..,..,..,..
Immigrants,Foreigners,Iraq,935,Asia,922,Western Asia,902,Developing regions,869,755,842,517,412,727,1552,354,457,477,0,1436,1459,1240,2026,6683,12988,15082,0,0,..,17675,13003,6495,3275,3347,3678,5303,8923,..,..,..,..,..
Immigrants,Foreigners,Ireland,908,Europe,924,Northern Europe,901,Developed regions,4167,3187,2211,1521,1791,1939,2452,3138,3234,4492,3744,5768,6365,4869,4620,5296,5162,3914,3071,2765,..,2064,1734,1461,1244,1122,1122,1070,1184,..,..,..,..,..
Immigrants,Foreigners,Israel,935,Asia,922,Western Asia,902,Developing regions,1802,1731,1033,824,893,1218,1246,1176,1232,1213,1215,1710,1172,878,830,825,834,833,808,934,..,1378,1696,1645,1403,1234,1334,1284,1268,..,..,..,..,..
Immigrants,Foreigners,Italy,908,Europe,925,Southern Europe,901,Developed regions,86585,65285,41444,35712,37514,38906,45914,44849,41905,40251,37250,35800,30316,31910,39100,48309,46249,39456,35576,34934,..,28787,25011,21634,19550,18349,18293,18624,20087,..,..,..,..,..
Immigrants,Foreigners,Jamaica,904,Latin America and the Caribbean,915,Caribbean,902,Developing regions,0,0,0,0,0,0,0,0,0,0,0,95,126,158,157,174,199,184,0,0,..,0,0,112,96,93,106,89,73,..,..,..,..,..
Immigrants,Foreigners,Japan,935,Asia,906,Eastern Asia,901,Developed regions,3580,3757,3733,3659,3731,4060,4376,4710,5243,5070,5455,5917,5765,5418,4799,4947,5201,5064,5316,5397,..,6194,5954,6071,5677,5821,5735,5737,5847,..,..,..,..,..
Immigrants,Foreigners,Jordan,935,Asia,922,Western Asia,902,Developing regions,1384,1034,736,649,651,810,807,816,927,1003,0,989,935,874,764,838,795,602,0,0,..,773,727,719,769,665,607,551,629,..,..,..,..,..
Immigrants,Foreigners,Kazakhstan,935,Asia,5500,Central Asia,902,Developing regions,0,0,0,0,0,0,0,0,0,0,0,0,5609,19081,23527,22815,17650,14050,0,0,..,0,0,9429,6868,4904,2676,1968,1883,..,..,..,..,..
Immigrants,Foreigners,Kenya,903,Africa,910,Eastern Africa,902,Developing regions,191,221,170,202,168,157,235,218,218,261,0,437,551,513,550,612,943,1009,0,0,..,946,1041,1007,1045,1144,1278,1252,1255,..,..,..,..,..
Immigrants,Foreigners,Kiribati,909,Oceania,954,Micronesia,902,Developing regions,0,0,0,0,0,0,0,0,0,0,0,374,403,503,322,407,517,436,0,0,..,0,0,134,212,358,345,280,326,..,..,..,..,..
Immigrants,Foreigners,Kuwait,935,Asia,922,Western Asia,902,Developing regions,0,0,0,0,0,0,0,0,0,0,0,117,91,60,163,132,51,55,0,0,..,0,0,47,75,208,226,197,94,..,..,..,..,..
Immigrants,Foreigners,Kyrgyzstan,935,Asia,5500,Central Asia,902,Developing regions,0,0,0,0,0,0,0,0,0,0,0,0,445,1884,2249,2205,368,1268,0,0,..,0,0,1439,1272,941,764,879,708,..,..,..,..,..
Immigrants,Foreigners,Lao People's Democratic Republic,935,Asia,920,South-Eastern Asia,902,Developing regions,0,0,0,0,0,0,0,0,0,0,0,159,115,74,62,73,64,55,0,0,..,0,0,109,87,64,46,40,28,..,..,..,..,..
Immigrants,Foreigners,Latvia,908,Europe,924,Northern Europe,901,Developed regions,0,0,0,0,0,0,0,0,0,0,0,94,1179,2329,1860,1835,2075,2048,2157,1954,..,0,0,1834,2314,2473,2046,1737,2066,..,..,..,..,..
Immigrants,Foreigners,Lebanon,935,Asia,922,Western Asia,902,Developing regions,2865,2717,1748,1328,2370,7283,15815,2435,5106,9390,19580,5389,4849,3129,2222,2300,2699,2423,2226,2264,..,2619,2936,2865,2526,1980,2188,2197,2340,..,..,..,..,..
Immigrants,Foreigners,Lesotho,903,Africa,913,Southern Africa,902,Developing regions,0,0,0,0,0,0,0,0,0,0,0,8,41,18,15,19,8,19,0,0,..,0,0,7,18,11,7,11,12,..,..,..,..,..
Immigrants,Foreigners,Liberia,903,Africa,914,Western Africa,902,Developing regions,111,125,77,29,49,61,64,55,71,84,0,2607,3768,2913,1141,793,1159,773,0,0,..,150,374,808,754,303,140,107,109,..,..,..,..,..
Immigrants,Foreigners,Libya,903,Africa,912,Northern Africa,902,Developing regions,502,751,659,456,415,234,160,372,418,310,0,278,279,391,204,383,539,435,0,0,..,0,0,554,556,486,620,558,691,..,..,..,..,..
Immigrants,Foreigners,Liechtenstein,908,Europe,926,Western Europe,901,Developed regions,0,0,0,0,0,0,0,0,0,0,0,11,17,18,14,15,12,15,0,0,..,0,0,31,25,21,20,24,22,..,..,..,..,..
Immigrants,Foreigners,Lithuania,908,Europe,924,Northern Europe,901,Developed regions,0,0,0,0,0,0,0,0,0,0,0,123,1205,2293,2573,2994,2919,2508,2215,2344,..,0,0,3235,4783,5399,4957,4075,3453,..,..,..,..,..
Immigrants,Foreigners,Luxembourg,908,Europe,926,Western Europe,901,Developed regions,519,469,394,457,448,458,484,472,416,444,462,495,433,434,410,480,531,549,630,661,..,743,967,1000,1147,1488,1700,2064,2231,..,..,..,..,..
Immigrants,Foreigners,Madagascar,903,Africa,910,Eastern Africa,902,Developing regions,44,51,52,48,40,44,63,78,55,86,0,102,93,104,83,122,105,75,0,0,..,0,0,76,90,78,81,116,133,..,..,..,..,..
Immigrants,Foreigners,Malawi,903,Africa,910,Eastern Africa,902,Developing regions,0,0,0,0,0,0,0,0,0,0,0,15,94,50,15,25,40,21,0,0,..,0,0,27,32,50,40,29,34,..,..,..,..,..
Immigrants,Foreigners,Malaysia,935,Asia,920,South-Eastern Asia,902,Developing regions,454,357,416,361,498,228,247,318,290,303,0,406,300,282,286,367,279,275,0,0,..,0,0,606,577,800,689,632,827,..,..,..,..,..
Immigrants,Foreigners,Maldives,935,Asia,5501,Southern Asia,902,Developing regions,0,0,0,0,0,0,0,0,0,0,0,6,6,9,9,7,10,14,0,0,..,0,0,11,9,9,5,12,6,..,..,..,..,..
Immigrants,Foreigners,Mali,903,Africa,914,Western Africa,902,Developing regions,46,57,39,43,46,55,62,66,91,80,0,150,252,276,155,93,98,104,0,0,..,0,0,131,132,82,72,63,57,..,..,..,..,..
Immigrants,Foreigners,Malta,908,Europe,925,Southern Europe,901,Developed regions,0,0,0,0,0,0,0,0,0,0,0,49,120,41,40,40,39,32,0,0,..,0,0,35,42,60,67,72,66,..,..,..,..,..
Immigrants,Foreigners,Mauritania,903,Africa,914,Western Africa,902,Developing regions,0,0,0,0,0,0,0,0,0,0,0,90,118,110,81,120,108,162,0,0,..,0,0,167,111,80,71,55,61,..,..,..,..,..
Immigrants,Foreigners,Mauritius,903,Africa,910,Eastern Africa,902,Developing regions,0,0,0,0,0,0,0,0,0,0,0,79,86,95,98,78,69,62,0,0,..,0,0,64,71,58,69,59,49,..,..,..,..,..
Immigrants,Foreigners,Mexico,904,Latin America and the Caribbean,916,Central America,902,Developing regions,663,579,575,566,536,649,667,606,720,699,0,721,737,709,689,881,1026,1048,0,0,..,1667,1870,2048,2108,2213,2697,2562,2899,..,..,..,..,..
Immigrants,Foreigners,Micronesia (Federated States of),909,Oceania,954,Micronesia,902,Developing regions,0,0,0,0,0,0,0,0,0,0,0,0,0,0,0,0,0,0,0,0,..,0,0,2,0,0,2,0,0,..,..,..,..,..
Immigrants,Foreigners,Monaco,908,Europe,926,Western Europe,901,Developed regions,0,0,0,0,0,0,0,0,0,0,0,3,8,9,1,9,6,8,0,0,..,0,0,5,4,5,4,4,8,..,..,..,..,..
Immigrants,Foreigners,Mongolia,935,Asia,906,Eastern Asia,902,Developing regions,0,0,0,0,0,0,0,0,0,0,0,236,342,643,702,698,799,931,0,0,..,0,0,1004,734,568,494,409,399,..,..,..,..,..
Immigrants,Foreigners,Montenegro,908,Europe,925,Southern Europe,901,Developed regions,0,0,0,0,0,0,0,0,0,0,0,0,0,0,0,0,0,0,..,..,..,..,..,..,..,..,160,643,370,..,..,..,..,..
Immigrants,Foreigners,Morocco,903,Africa,912,Northern Africa,902,Developing regions,4154,3883,2447,1822,2187,3047,4005,3961,4613,4816,5617,6081,6542,5306,4014,3790,4302,4132,4532,5003,..,5961,6490,6272,4868,4390,4011,3538,3374,..,..,..,..,..
Immigrants,Foreigners,Mozambique,903,Africa,910,Eastern Africa,902,Developing regions,0,0,0,0,0,0,0,0,0,0,0,212,404,160,100,162,94,99,0,0,..,0,0,99,110,81,112,88,106,..,..,..,..,..
Immigrants,Foreigners,Myanmar,935,Asia,920,South-Eastern Asia,902,Developing regions,48,30,80,47,35,56,71,85,49,115,0,117,83,72,113,402,192,145,0,0,..,0,0,194,154,370,433,406,434,..,..,..,..,..
Immigrants,Foreigners,Namibia,903,Africa,913,Southern Africa,902,Developing regions,0,0,0,0,0,0,0,0,0,0,0,68,97,57,84,99,109,81,..,..,..,..,0,83,87,67,92,76,90,..,..,..,..,..
Immigrants,Foreigners,Nepal,935,Asia,5501,Southern Asia,902,Developing regions,49,58,53,41,33,50,54,71,85,97,0,590,1832,1582,340,315,382,383,0,0,..,0,0,588,475,438,443,365,428,..,..,..,..,..
Immigrants,Foreigners,Netherlands,908,Europe,926,Western Europe,901,Developed regions,5823,5267,4811,4670,4940,5174,5320,5557,6037,6437,6583,6569,6952,6989,7397,8022,7943,7028,6487,6526,..,8446,9945,9132,9140,10088,10726,10964,11203,..,..,..,..,..
Immigrants,Foreigners,New Zealand,909,Oceania,927,Australia and New Zealand,901,Developed regions,252,196,210,170,179,203,189,183,214,252,0,326,357,330,293,313,331,256,0,0,..,448,411,358,356,328,401,461,486,..,..,..,..,..
Immigrants,Foreigners,Nicaragua,904,Latin America and the Caribbean,916,Central America,902,Developing regions,48,58,72,55,45,53,50,51,73,62,0,114,82,71,45,56,82,58,0,0,..,0,0,70,52,62,68,58,77,..,..,..,..,..
Immigrants,Foreigners,Niger,903,Africa,914,Western Africa,902,Developing regions,31,18,13,21,10,26,24,15,26,24,0,113,489,302,132,103,147,133,0,0,..,0,0,153,138,106,64,57,68,..,..,..,..,..
Immigrants,Foreigners,Nigeria,903,Africa,914,Western Africa,902,Developing regions,753,798,545,454,366,454,683,495,863,2202,0,8626,8892,2365,2205,2350,3164,2469,0,0,..,1787,2236,2418,2520,1905,1915,1882,1796,..,..,..,..,..
Immigrants,Foreigners,Norway,908,Europe,924,Northern Europe,901,Developed regions,771,865,982,922,915,1025,998,998,958,1031,0,1470,1492,1665,1845,1442,1211,1208,0,0,..,1046,1025,885,917,870,738,789,762,..,..,..,..,..
Immigrants,Foreigners,Oman,935,Asia,922,Western Asia,902,Developing regions,0,0,0,0,0,0,0,0,0,0,0,21,32,13,11,3,11,1,0,0,..,0,0,51,66,58,48,51,81,..,..,..,..,..
Immigrants,Foreigners,Pakistan,935,Asia,5501,Southern Asia,902,Developing regions,6466,4432,3194,1722,2259,3853,4535,2512,3418,3611,4901,4987,5595,4189,3124,4562,4255,3812,2917,3546,..,3174,2966,3277,3451,2369,2155,1943,2169,..,..,..,..,..
Immigrants,Foreigners,Palau,909,Oceania,954,Micronesia,902,Developing regions,0,0,0,0,0,0,0,0,0,0,0,0,0,0,0,0,0,0,0,0,..,0,0,2,0,1,1,2,3,..,..,..,..,..
Immigrants,Foreigners,Panama,904,Latin America and the Caribbean,916,Central America,902,Developing regions,24,23,22,24,37,32,41,37,48,51,0,61,65,36,29,30,43,47,0,0,..,0,0,71,60,60,73,78,47,..,..,..,..,..
Immigrants,Foreigners,Papua New Guinea,909,Oceania,928,Melanesia,902,Developing regions,0,0,0,0,0,0,0,0,0,0,0,8,15,28,17,8,12,12,0,0,..,0,0,4,4,11,3,7,2,..,..,..,..,..
Immigrants,Foreigners,Paraguay,904,Latin America and the Caribbean,931,South America,902,Developing regions,94,78,85,73,94,105,119,138,148,214,0,156,167,153,119,137,134,105,0,0,..,0,0,203,189,177,170,204,184,..,..,..,..,..
Immigrants,Foreigners,Peru,904,Latin America and the Caribbean,931,South America,902,Developing regions,552,614,562,549,426,466,514,599,646,867,0,981,1069,1101,981,1046,1275,1044,0,0,..,0,0,1296,1249,1177,1149,1016,944,..,..,..,..,..
Immigrants,Foreigners,Philippines,935,Asia,920,South-Eastern Asia,902,Developing regions,2129,2606,2206,2167,2309,2578,3131,3433,3661,3615,0,4736,4683,4238,3815,3472,3720,4372,0,0,..,3681,3613,3364,3189,4955,4691,4842,5609,..,..,..,..,..
Immigrants,Foreigners,Poland,908,Europe,923,Eastern Europe,901,Developed regions,41276,91418,37111,40189,67931,72151,83746,117445,206850,258956,200632,128482,131780,75195,78745,87305,77545,71322,66263,72402,..,79033,81551,88241,125042,147716,152733,140870,119867,..,..,..,..,..
Immigrants,Foreigners,Portugal,908,Europe,925,Southern Europe,901,Developed regions,4063,3145,1945,1529,1495,1659,3458,3344,3803,5527,7146,11013,10359,13061,26726,30643,32177,26619,18819,14703,..,9287,7955,6981,5570,5010,5001,5516,5911,..,..,..,..,..
Immigrants,Foreigners,Qatar,935,Asia,922,Western Asia,902,Developing regions,0,0,0,0,0,0,0,0,0,0,0,12,12,16,89,10,30,21,0,0,..,0,0,38,32,52,96,75,82,..,..,..,..,..
Immigrants,Foreigners,Republic of Korea,935,Asia,906,Eastern Asia,902,Developing regions,1906,2328,2089,1636,1658,2189,1861,1716,2155,2329,0,2413,2342,1838,1896,2226,2039,2227,0,0,..,2848,3015,3077,2471,2788,3339,3706,3915,..,..,..,..,..
Immigrants,Foreigners,Republic of Moldova,908,Europe,923,Eastern Europe,901,Developed regions,0,0,0,0,0,0,0,0,0,0,0,0,638,1402,1561,2191,2425,1784,1683,1633,..,0,0,1619,1369,1065,839,722,699,..,..,..,..,..
Immigrants,Foreigners,Romania,908,Europe,923,Eastern Europe,901,Developed regions,5001,5375,4982,4325,4648,4845,5786,9035,11250,14286,78068,61670,110096,81760,31449,24845,16986,14144,16987,18814,..,20142,23953,23780,23545,23274,23743,43894,48225,..,..,..,..,..
Immigrants,Foreigners,Russian Federation,908,Europe,923,Eastern Europe,901,Developed regions,1761,1498,1522,1284,1236,1192,1368,4452,12841,31872,36794,0,26322,31062,37693,35283,33701,28927,26413,32843,..,35930,36479,31776,28464,23078,17081,15770,15052,..,..,..,..,..
Immigrants,Foreigners,Rwanda,903,Africa,910,Eastern Africa,902,Developing regions,34,52,20,30,64,47,38,33,59,59,0,94,125,101,630,330,268,222,0,0,..,0,0,94,85,91,91,57,72,..,..,..,..,..
Immigrants,Foreigners,Saint Kitts and Nevis,904,Latin America and the Caribbean,915,Caribbean,902,Developing regions,0,0,0,0,0,0,0,0,0,0,0,0,1,0,1,0,6,2,0,0,..,0,0,3,1,1,1,1,1,..,..,..,..,..
Immigrants,Foreigners,Saint Lucia,904,Latin America and the Caribbean,915,Caribbean,902,Developing regions,0,0,0,0,0,0,0,0,0,0,0,9,11,8,16,18,16,28,0,0,..,0,0,8,9,8,8,8,12,..,..,..,..,..
Immigrants,Foreigners,Saint Vincent and the Grenadines,904,Latin America and the Caribbean,915,Caribbean,902,Developing regions,0,0,0,0,0,0,0,0,0,0,0,12,11,4,8,12,13,7,0,0,..,0,0,5,7,1,0,3,1,..,..,..,..,..
Immigrants,Foreigners,Samoa,909,Oceania,957,Polynesia,902,Developing regions,0,0,0,0,0,0,0,0,0,0,0,3,7,6,7,10,15,2,0,0,..,0,0,6,2,97,1,2,7,..,..,..,..,..
Immigrants,Foreigners,San Marino,908,Europe,925,Southern Europe,901,Developed regions,0,0,0,0,0,0,0,0,0,0,0,55,43,6,3,10,20,11,0,0,..,0,0,9,2,5,0,8,1,..,..,..,..,..
Immigrants,Foreigners,Sao Tome and Principe,903,Africa,911,Middle Africa,902,Developing regions,0,0,0,0,0,0,0,0,0,0,0,169,35,10,5,11,8,7,0,0,..,0,0,7,6,3,3,5,2,..,..,..,..,..
Immigrants,Foreigners,Saudi Arabia,935,Asia,922,Western Asia,902,Developing regions,146,307,329,261,373,323,499,266,164,232,0,207,288,205,128,80,90,111,0,0,..,0,0,343,302,545,580,544,471,..,..,..,..,..
Immigrants,Foreigners,Senegal,903,Africa,914,Western Africa,902,Developing regions,189,176,102,106,149,154,204,349,465,391,0,484,633,1078,474,315,380,352,0,0,..,0,0,279,246,228,227,217,226,..,..,..,..,..
Immigrants,Foreigners,Serbia,908,Europe,925,Southern Europe,901,Developed regions,0,0,0,0,0,0,0,0,0,0,0,0,0,0,0,0,0,0,..,..,..,..,..,..,..,..,3745,10630,11556,..,..,..,..,..
Immigrants,Foreigners,Seychelles,903,Africa,910,Eastern Africa,902,Developing regions,0,0,0,0,0,0,0,0,0,0,0,25,36,11,29,15,27,26,0,0,..,0,0,21,15,14,24,11,8,..,..,..,..,..
Immigrants,Foreigners,Sierra Leone,903,Africa,914,Western Africa,902,Developing regions,129,92,83,89,88,102,136,98,110,104,0,461,1725,1351,618,992,837,1230,0,0,..,0,0,675,520,407,320,267,257,..,..,..,..,..
Immigrants,Foreigners,Singapore,935,Asia,920,South-Eastern Asia,902,Developing regions,0,0,0,0,0,0,0,0,0,0,0,179,151,147,192,124,140,149,0,0,..,0,0,276,327,273,267,356,346,..,..,..,..,..
Immigrants,Foreigners,Slovakia,908,Europe,923,Eastern Europe,901,Developed regions,0,0,0,0,0,0,0,0,0,0,0,0,0,6740,6513,7685,6513,6922,6504,9074,..,11374,11558,10599,11633,11806,11400,9505,8749,..,..,..,..,..
Immigrants,Foreigners,Slovenia,908,Europe,925,Southern Europe,901,Developed regions,0,0,0,0,0,0,0,0,0,0,0,0,2632,2563,2112,2315,2091,1818,1989,1917,..,2589,2274,2029,2372,1489,1160,1200,1218,..,..,..,..,..
Immigrants,Foreigners,Solomon Islands,909,Oceania,928,Melanesia,902,Developing regions,0,0,0,0,0,0,0,0,0,0,0,1,0,1,1,0,1,0,0,0,..,0,0,3,1,1,0,1,0,..,..,..,..,..
Immigrants,Foreigners,Somalia,903,Africa,910,Eastern Africa,902,Developing regions,123,122,109,106,173,184,212,230,480,1597,0,1759,2036,1332,804,1123,1455,1160,0,0,..,485,395,457,409,249,180,171,255,..,..,..,..,..
Immigrants,Foreigners,South Africa,903,Africa,913,Southern Africa,902,Developing regions,661,581,496,538,449,610,747,717,671,905,956,1814,1577,1327,1160,1103,1004,945,961,1061,..,1173,1226,1089,970,842,832,763,886,..,..,..,..,..
Immigrants,Foreigners,Spain,908,Europe,925,Southern Europe,901,Developed regions,4966,5275,3472,2568,2785,2959,3980,3767,3729,4050,4189,4863,5210,5586,5855,6911,7571,7442,7497,8253,..,8652,8460,7650,7613,7147,7093,7241,7778,..,..,..,..,..
Immigrants,Foreigners,Sri Lanka,935,Asia,5501,Southern Asia,902,Developing regions,2706,3106,1943,1926,8185,18805,4082,2370,2605,5499,3760,4433,4730,3449,5124,7196,6248,4732,2823,2276,..,1957,1733,1358,1102,1006,850,1038,1090,..,..,..,..,..
Immigrants,Foreigners,Sudan,903,Africa,912,Northern Africa,902,Developing regions,342,328,224,215,192,174,217,228,273,408,0,587,911,735,641,1379,1191,1215,0,0,..,0,0,642,840,551,386,413,429,..,..,..,..,..
Immigrants,Foreigners,Suriname,904,Latin America and the Caribbean,931,South America,902,Developing regions,0,0,0,0,0,0,0,0,0,0,0,8,14,11,8,7,4,3,0,0,..,0,0,15,8,5,4,11,10,..,..,..,..,..
Immigrants,Foreigners,Swaziland,903,Africa,913,Southern Africa,902,Developing regions,0,0,0,0,0,0,0,0,0,0,0,15,11,13,16,5,16,5,0,0,..,0,0,4,5,8,6,6,3,..,..,..,..,..
Immigrants,Foreigners,Sweden,908,Europe,924,Northern Europe,901,Developed regions,1662,1658,1367,1269,1530,1578,1640,1727,1697,1787,0,2901,3205,3299,3611,3805,3627,3568,3448,3342,..,3006,2608,2503,2433,2368,2288,2257,2192,..,..,..,..,..
Immigrants,Foreigners,Switzerland,908,Europe,926,Western Europe,901,Developed regions,3111,2890,2637,2639,2781,2884,3196,3083,3081,3184,3134,3388,3784,3689,3390,3474,3454,3221,3146,3373,..,3168,3400,3241,3450,3327,3616,3501,3626,..,..,..,..,..
Immigrants,Foreigners,Syrian Arab Republic,935,Asia,922,Western Asia,902,Developing regions,2139,1596,1167,847,1018,1108,3216,1392,1971,2490,0,2237,1966,1880,1565,1900,2793,2432,0,0,..,3524,3336,2719,2236,2095,1711,1688,1969,..,..,..,..,..
Immigrants,Foreigners,Tajikistan,935,Asia,5500,Central Asia,902,Developing regions,0,0,0,0,0,0,0,0,0,0,0,0,302,1056,674,409,312,187,0,0,..,0,0,91,102,70,123,149,153,..,..,..,..,..
Immigrants,Foreigners,Thailand,935,Asia,920,South-Eastern Asia,902,Developing regions,1548,1588,1588,1474,1450,1736,2778,4807,5661,4620,0,3440,3997,4104,4345,4002,3833,3728,0,0,..,6534,6823,6029,5521,4732,4216,3628,3153,..,..,..,..,..
Immigrants,Foreigners,The former Yugoslav Republic of Macedonia,908,Europe,925,Southern Europe,901,Developed regions,0,0,0,0,0,0,0,0,0,0,0,0,0,1153,3113,3872,2833,3093,3108,3225,..,5299,3953,3683,3292,2628,2492,2334,2308,..,..,..,..,..
Immigrants,Foreigners,Timor-Leste,935,Asia,920,South-Eastern Asia,902,Developing regions,0,0,0,0,0,0,0,0,0,0,0,0,0,0,0,0,0,0,..,..,..,..,..,..,..,..,..,..,2,..,..,..,..,..
Immigrants,Foreigners,Togo,903,Africa,914,Western Africa,902,Developing regions,91,91,94,54,92,105,191,162,203,250,0,974,3594,3152,3446,2009,1469,1337,0,0,..,1557,1789,1161,807,659,514,399,394,..,..,..,..,..
Immigrants,Foreigners,Tonga,909,Oceania,957,Polynesia,902,Developing regions,0,0,0,0,0,0,0,0,0,0,0,6,10,20,11,11,11,8,0,0,..,0,0,12,6,3,4,4,3,..,..,..,..,..
Immigrants,Foreigners,Trinidad and Tobago,904,Latin America and the Caribbean,915,Caribbean,902,Developing regions,35,41,44,21,21,31,46,32,40,43,0,44,36,39,93,85,54,88,0,0,..,0,0,60,32,29,31,78,27,..,..,..,..,..
Immigrants,Foreigners,Tunisia,903,Africa,912,Northern Africa,902,Developing regions,2266,2338,1767,1492,1538,1589,1873,2119,2232,2316,2664,2777,3096,2516,2312,2143,2002,1924,2261,2207,..,2581,2517,2430,2618,2331,2368,2012,1868,..,..,..,..,..
Immigrants,Foreigners,Turkey,935,Asia,922,Western Asia,902,Developing regions,213258,84583,43137,28178,34536,48028,63002,67150,79129,86355,84346,82635,81303,68466,64725,74517,74144,56992,49178,48129,..,54695,58128,49774,42644,36019,30720,27599,26653,..,..,..,..,..
Immigrants,Foreigners,Turkmenistan,935,Asia,5500,Central Asia,902,Developing regions,0,0,0,0,0,0,0,0,0,0,0,0,63,80,118,204,225,196,0,0,..,0,0,204,150,137,121,128,147,..,..,..,..,..
Immigrants,Foreigners,Tuvalu,909,Oceania,957,Polynesia,902,Developing regions,0,0,0,0,0,0,0,0,0,0,0,104,106,53,59,46,154,256,0,0,..,0,0,53,100,111,89,89,147,..,..,..,..,..
Immigrants,Foreigners,Uganda,903,Africa,910,Eastern Africa,902,Developing regions,102,135,92,116,84,83,106,138,183,153,0,240,398,244,216,191,194,178,0,0,..,8,0,277,251,208,145,152,165,..,..,..,..,..
Immigrants,Foreigners,Ukraine,908,Europe,923,Eastern Europe,901,Developed regions,0,0,0,0,0,0,0,0,0,0,0,0,6555,12274,13940,15399,13710,12525,14121,15285,..,20307,20578,17696,15000,10881,7514,7551,6869,..,..,..,..,..
Immigrants,Foreigners,United Arab Emirates,935,Asia,922,Western Asia,902,Developing regions,0,0,0,0,0,0,0,0,0,0,0,275,65,25,45,111,61,217,0,0,..,0,0,407,601,984,712,675,476,..,..,..,..,..
Immigrants,Foreigners,United Kingdom of Great Britain and Northern Ireland,908,Europe,924,Northern Europe,901,Developed regions,23394,22472,15518,11593,11585,11781,13186,13402,13163,13804,15006,17103,17938,16945,16838,17021,15794,12860,11855,12088,..,11153,9753,8489,8320,7853,7942,7920,8592,..,..,..,..,..
Immigrants,Foreigners,United Republic of Tanzania,903,Africa,910,Eastern Africa,902,Developing regions,140,167,142,181,162,146,178,172,160,167,0,236,205,173,165,187,183,175,0,0,..,152,0,230,191,157,156,143,167,..,..,..,..,..
Immigrants,Foreigners,United States of America,905,Northern America,905,Northern America,901,Developed regions,16059,14866,14373,14455,15760,16878,17440,16260,16696,17294,18981,19226,20523,16680,15288,15293,15463,14931,15987,16755,..,15979,15466,14666,15292,15228,15435,16660,17542,..,..,..,..,..
Immigrants,Foreigners,Uruguay,904,Latin America and the Caribbean,931,South America,902,Developing regions,147,124,109,97,75,104,99,103,137,109,0,102,109,115,91,80,109,68,0,0,..,0,0,93,77,76,71,82,85,..,..,..,..,..
Immigrants,Foreigners,Uzbekistan,935,Asia,5500,Central Asia,902,Developing regions,0,0,0,0,0,0,0,0,0,0,0,0,311,1186,1430,1314,1243,1004,0,0,..,0,0,1301,1117,996,753,794,745,..,..,..,..,..
Immigrants,Foreigners,Vanuatu,909,Oceania,928,Melanesia,902,Developing regions,0,0,0,0,0,0,0,0,0,0,0,0,2,2,2,4,3,2,0,0,..,0,0,1,5,3,0,2,1,..,..,..,..,..
Immigrants,Foreigners,Venezuela (Bolivarian Republic of),904,Latin America and the Caribbean,931,South America,902,Developing regions,239,310,280,212,227,193,198,203,233,304,0,410,524,393,403,444,409,388,0,0,..,0,0,614,508,493,432,512,515,..,..,..,..,..
Immigrants,Foreigners,Viet Nam,935,Asia,920,South-Eastern Asia,902,Developing regions,4685,4040,2898,2781,1728,1332,1350,553,1074,2604,11917,10380,10696,11936,6198,4950,3541,3317,0,0,..,6688,6882,6704,5883,4880,4596,4197,4045,..,..,..,..,..
Immigrants,Foreigners,Yemen,935,Asia,922,Western Asia,902,Developing regions,0,0,0,0,0,0,0,0,0,0,0,120,135,95,95,153,198,340,0,0,..,0,0,417,409,290,363,364,466,..,..,..,..,..
Immigrants,Foreigners,Zambia,903,Africa,910,Eastern Africa,902,Developing regions,0,0,0,0,0,0,0,0,0,0,0,64,62,47,45,31,39,49,0,0,..,0,0,83,73,73,87,56,54,..,..,..,..,..
Immigrants,Foreigners,Zimbabwe,903,Africa,910,Eastern Africa,902,Developing regions,0,0,0,0,0,0,0,0,0,0,0,82,97,112,65,78,86,57,0,0,..,0,0,196,241,157,126,134,166,..,..,..,..,..
Immigrants,Foreigners,Unknown,999,World,999,World,999,World,2302,2765,1450,1391,1289,3171,6202,3001,5036,8822,23007,4288,3742,3147,2535,3378,3955,3692,160096,199565,649249,121040,83985,27296,26076,20728,14555,4777,4308,267051,318528,399984,504930,609484
Immigrants,Both,Total,999,World,999,World,999,World,686837,566253,377876,334152,388080,453429,534026,577700,844922,1456876,1534077,913402,1167300,1100770,1004599,1034106,910751,804375,802456,874023,841158,879217,842543,768975,780175,707352,661855,680766,682146,346216,404055,489422,592175,692713
